District_Name,Crop_Year,Season,Temperature_Avg,Temperature_Min,Temperature_Max,Rainfall_Precipitation,Relative_Humidity,Solar_Radiation,Wind_Speed,Soil_Moisture
ARIYALUR,1997,Kharif,29.8,23.5,36.11,328.25,72.69,21.0,10.42,25.69
ARIYALUR,1997,Rabi,26.3,21.21,31.39,447.86,78.47,18.47,10.94,29.26
ARIYALUR,1997,Whole Year,30.5,23.5,37.5,825.75,70.0,21.87,13.81,25.0
ARIYALUR,1997,Summer,34.42,26.27,42.57,76.71,48.28,22.4,7.11,13.86
ARIYALUR,1998,Kharif,31.21,24.85,37.57,438.69,75.72,18.16,13.67,22.03
ARIYALUR,1998,Rabi,26.53,20.21,32.84,357.51,80.61,15.47,8.87,25.81
ARIYALUR,1998,Whole Year,30.5,23.5,37.5,1056.8,70.0,20.64,10.64,25.0
ARIYALUR,1998,Summer,33.42,27.0,39.83,67.37,54.95,24.18,7.5,16.92
ARIYALUR,1999,Kharif,31.14,24.48,37.79,366.43,77.85,20.89,16.76,21.35
ARIYALUR,1999,Rabi,27.25,22.44,32.06,400.66,84.47,16.58,13.83,31.51
ARIYALUR,1999,Whole Year,30.5,23.5,37.5,1043.48,70.0,20.18,9.95,25.0
ARIYALUR,1999,Summer,33.92,26.9,40.94,107.91,58.23,25.47,8.82,17.45
ARIYALUR,2000,Kharif,29.09,23.26,34.92,426.68,76.01,21.82,10.66,29.34
ARIYALUR,2000,Rabi,27.49,22.22,32.77,344.79,80.58,18.63,9.06,33.55
ARIYALUR,2000,Whole Year,30.5,23.5,37.5,896.24,70.0,19.97,9.29,25.0
ARIYALUR,2000,Summer,32.07,25.94,38.2,105.11,56.43,24.64,9.79,12.53
ARIYALUR,2001,Kharif,29.01,23.3,34.73,438.01,68.11,18.2,17.55,27.62
ARIYALUR,2001,Rabi,26.45,21.11,31.8,352.14,82.06,17.07,9.91,28.17
ARIYALUR,2001,Whole Year,30.5,23.5,37.5,1063.25,70.0,21.67,10.37,25.0
ARIYALUR,2001,Summer,31.89,25.41,38.36,93.44,58.11,25.41,9.78,10.88
ARIYALUR,2002,Kharif,30.17,23.77,36.57,180.28,63.71,22.82,17.14,19.18
ARIYALUR,2002,Rabi,27.37,20.45,34.29,254.97,75.84,15.32,13.98,19.84
ARIYALUR,2002,Whole Year,31.4,23.5,39.3,560.93,62.0,19.88,9.85,16.25
ARIYALUR,2002,Summer,33.3,25.64,40.97,29.28,49.56,24.41,9.94,8.66
ARIYALUR,2003,Kharif,31.37,24.98,37.77,190.59,59.08,20.89,15.37,17.18
ARIYALUR,2003,Rabi,27.89,21.16,34.62,208.52,69.16,15.04,13.89,17.62
ARIYALUR,2003,Whole Year,31.4,23.5,39.3,621.49,62.0,21.34,12.53,16.25
ARIYALUR,2003,Summer,34.2,26.1,42.3,23.12,50.41,23.58,11.13,9.25
ARIYALUR,2004,Kharif,30.52,23.47,37.56,381.37,70.51,22.28,11.84,21.5
ARIYALUR,2004,Rabi,27.8,22.85,32.75,584.96,80.64,16.64,11.46,31.71
ARIYALUR,2004,Whole Year,30.5,23.5,37.5,1015.13,70.0,20.04,10.93,25.0
ARIYALUR,2004,Summer,33.93,26.95,40.9,90.68,52.34,23.69,8.67,14.84
ARIYALUR,2005,Kharif,30.37,24.34,36.4,462.27,69.96,18.34,16.99,23.99
ARIYALUR,2005,Rabi,26.78,20.03,33.52,441.08,81.28,16.11,8.51,30.26
ARIYALUR,2005,Whole Year,30.5,23.5,37.5,892.28,70.0,21.91,11.99,25.0
ARIYALUR,2005,Summer,31.66,25.51,37.81,85.99,59.16,24.76,11.19,13.62
ARIYALUR,2006,Kharif,30.17,24.57,35.77,443.32,75.72,21.03,15.55,29.59
ARIYALUR,2006,Rabi,28.04,22.54,33.53,558.45,79.77,16.61,13.6,33.19
ARIYALUR,2006,Whole Year,30.5,23.5,37.5,1099.83,70.0,20.93,9.16,25.0
ARIYALUR,2006,Summer,34.31,26.69,41.92,78.52,57.03,22.05,8.31,11.03
ARIYALUR,2007,Kharif,30.39,23.25,37.53,443.59,66.42,18.68,11.08,23.83
ARIYALUR,2007,Rabi,28.36,22.78,33.94,573.47,75.69,15.57,9.57,32.75
ARIYALUR,2007,Whole Year,30.5,23.5,37.5,998.79,70.0,20.89,13.56,25.0
ARIYALUR,2007,Summer,32.45,26.93,37.97,38.84,59.11,24.78,8.05,13.62
ARIYALUR,2008,Kharif,30.01,23.63,36.38,321.66,71.21,19.7,16.82,25.45
ARIYALUR,2008,Rabi,27.84,22.81,32.86,370.23,78.39,16.31,8.43,34.51
ARIYALUR,2008,Whole Year,30.5,23.5,37.5,937.32,70.0,19.47,11.78,25.0
ARIYALUR,2008,Summer,32.58,26.1,39.07,63.81,49.96,22.9,9.69,16.1
ARIYALUR,2009,Kharif,30.31,24.56,36.06,470.83,77.01,20.97,15.99,26.51
ARIYALUR,2009,Rabi,25.77,20.04,31.51,531.56,75.06,15.5,12.33,32.59
ARIYALUR,2009,Whole Year,30.5,23.5,37.5,750.5,70.0,20.0,9.59,25.0
ARIYALUR,2009,Summer,32.47,25.22,39.72,61.16,47.64,25.13,11.61,17.04
ARIYALUR,2010,Kharif,30.48,24.37,36.59,490.4,78.94,21.13,10.48,37.75
ARIYALUR,2010,Rabi,27.43,22.58,32.27,519.23,85.54,18.85,10.47,38.79
ARIYALUR,2010,Whole Year,30.5,23.5,37.5,1024.32,75.0,20.39,13.58,31.25
ARIYALUR,2010,Summer,32.71,25.14,40.28,116.95,64.95,24.39,10.66,15.59
ARIYALUR,2011,Kharif,30.16,23.2,37.12,555.81,70.32,18.92,15.71,33.58
ARIYALUR,2011,Rabi,26.15,21.26,31.04,579.5,87.86,17.65,11.43,39.96
ARIYALUR,2011,Whole Year,30.5,23.5,37.5,1363.91,75.0,21.55,11.28,31.25
ARIYALUR,2011,Summer,32.79,26.38,39.2,88.57,63.66,24.66,9.27,19.61
ARIYALUR,2012,Kharif,29.36,24.45,34.27,455.12,66.02,22.64,13.98,21.81
ARIYALUR,2012,Rabi,27.61,22.62,32.6,314.0,84.15,18.19,11.03,34.26
ARIYALUR,2012,Whole Year,30.5,23.5,37.5,831.59,70.0,21.56,13.03,25.0
ARIYALUR,2012,Summer,32.37,25.84,38.91,71.39,45.64,22.38,8.01,14.83
ARIYALUR,2013,Kharif,29.15,23.64,34.66,435.63,78.93,18.4,17.79,24.06
ARIYALUR,2013,Rabi,26.6,22.07,31.13,462.88,84.55,15.64,11.46,27.74
ARIYALUR,2013,Whole Year,30.5,23.5,37.5,742.86,70.0,21.96,12.58,25.0
ARIYALUR,2013,Summer,33.25,25.53,40.98,34.77,56.9,23.74,11.98,15.04
COIMBATORE,1997,Kharif,29.03,23.12,34.94,360.96,61.95,19.6,12.97,26.6
COIMBATORE,1997,Rabi,25.72,19.67,31.77,318.06,71.02,16.32,13.58,30.01
COIMBATORE,1997,Whole Year,29.5,22.5,36.5,697.52,64.0,19.98,13.42,22.0
COIMBATORE,1997,Summer,30.67,25.11,36.23,41.18,44.89,26.25,9.12,10.38
COIMBATORE,1998,Kharif,28.23,23.23,33.23,356.92,59.5,18.0,14.91,20.06
COIMBATORE,1998,Rabi,26.29,21.11,31.47,433.55,72.88,18.83,10.72,30.1
COIMBATORE,1998,Whole Year,29.5,22.5,36.5,706.27,64.0,20.55,13.79,22.0
COIMBATORE,1998,Summer,30.77,24.65,36.9,58.65,50.62,23.39,11.19,13.3
COIMBATORE,1999,Kharif,28.22,23.43,33.02,293.39,62.75,18.14,10.51,24.62
COIMBATORE,1999,Rabi,25.77,20.76,30.79,454.74,77.25,16.86,9.65,26.46
COIMBATORE,1999,Whole Year,29.5,22.5,36.5,792.84,64.0,19.03,12.06,22.0
COIMBATORE,1999,Summer,32.74,24.58,40.9,32.25,50.95,22.97,11.66,9.73
COIMBATORE,2000,Kharif,29.71,22.47,36.95,365.12,65.15,22.2,15.36,26.34
COIMBATORE,2000,Rabi,26.91,21.52,32.29,383.82,74.4,17.92,9.64,22.66
COIMBATORE,2000,Whole Year,29.5,22.5,36.5,720.61,64.0,19.91,10.28,22.0
COIMBATORE,2000,Summer,30.6,24.0,37.19,33.56,48.99,24.24,11.35,9.96
COIMBATORE,2001,Kharif,28.62,22.77,34.47,339.31,68.03,21.98,16.84,26.73
COIMBATORE,2001,Rabi,25.43,19.01,31.86,396.15,70.41,15.42,10.93,28.1
COIMBATORE,2001,Whole Year,29.5,22.5,36.5,647.48,64.0,19.98,12.5,22.0
COIMBATORE,2001,Summer,32.35,25.58,39.13,54.51,40.25,23.81,8.05,9.95
COIMBATORE,2002,Kharif,29.66,23.41,35.92,198.74,59.91,21.41,15.04,14.91
COIMBATORE,2002,Rabi,26.73,19.22,34.25,175.75,65.24,16.15,12.47,16.27
COIMBATORE,2002,Whole Year,30.4,22.5,38.3,456.23,56.0,19.88,9.86,14.3
COIMBATORE,2002,Summer,34.87,25.98,43.77,19.47,33.52,25.7,8.18,7.5
COIMBATORE,2003,Kharif,29.94,22.33,37.56,159.31,65.24,19.71,11.7,12.99
COIMBATORE,2003,Rabi,25.89,19.9,31.89,267.93,64.04,16.48,12.81,18.96
COIMBATORE,2003,Whole Year,30.4,22.5,38.3,414.72,56.0,20.66,12.4,14.3
COIMBATORE,2003,Summer,32.81,24.62,41.0,45.37,33.38,25.82,8.34,6.82
COIMBATORE,2004,Kharif,30.01,23.72,36.31,212.08,61.03,22.63,11.0,19.77
COIMBATORE,2004,Rabi,25.1,19.27,30.93,455.15,72.78,16.49,8.81,30.08
COIMBATORE,2004,Whole Year,29.5,22.5,36.5,795.37,64.0,19.68,12.64,22.0
COIMBATORE,2004,Summer,32.47,25.79,39.14,34.85,41.24,24.3,11.61,12.66
COIMBATORE,2005,Kharif,29.38,22.99,35.78,337.07,59.23,20.61,16.21,22.29
COIMBATORE,2005,Rabi,25.96,21.86,30.05,433.97,70.98,15.7,9.74,22.9
COIMBATORE,2005,Whole Year,29.5,22.5,36.5,591.35,64.0,21.62,10.51,22.0
COIMBATORE,2005,Summer,32.99,24.84,41.15,84.84,43.67,26.28,9.12,14.01
COIMBATORE,2006,Kharif,27.67,22.12,33.21,256.46,70.1,19.58,10.14,25.8
COIMBATORE,2006,Rabi,26.23,21.51,30.96,462.21,71.09,18.58,10.54,30.08
COIMBATORE,2006,Whole Year,29.5,22.5,36.5,828.53,64.0,20.25,13.61,22.0
COIMBATORE,2006,Summer,31.79,24.73,38.85,53.96,53.05,25.63,8.46,10.58
COIMBATORE,2007,Kharif,28.53,22.57,34.48,290.45,65.32,20.52,11.78,26.49
COIMBATORE,2007,Rabi,25.44,20.17,30.7,264.07,74.35,16.87,13.59,24.03
COIMBATORE,2007,Whole Year,29.5,22.5,36.5,829.9,64.0,21.3,11.38,22.0
COIMBATORE,2007,Summer,32.71,24.25,41.17,66.66,52.48,22.72,9.96,10.42
COIMBATORE,2008,Kharif,29.07,22.9,35.24,303.05,67.55,19.9,11.68,23.26
COIMBATORE,2008,Rabi,25.67,20.51,30.83,254.3,71.06,17.2,11.21,23.18
COIMBATORE,2008,Whole Year,29.5,22.5,36.5,750.54,64.0,20.27,12.27,22.0
COIMBATORE,2008,Summer,31.04,24.22,37.85,41.29,43.85,26.27,9.43,9.92
COIMBATORE,2009,Kharif,28.5,22.13,34.88,281.21,67.1,19.26,16.28,24.34
COIMBATORE,2009,Rabi,24.87,19.14,30.61,391.7,74.17,18.58,8.18,28.7
COIMBATORE,2009,Whole Year,29.5,22.5,36.5,755.44,64.0,20.82,13.38,22.0
COIMBATORE,2009,Summer,32.56,24.82,40.3,61.91,52.96,22.51,8.69,13.26
COIMBATORE,2010,Kharif,30.02,23.95,36.09,307.68,72.39,19.01,11.41,27.05
COIMBATORE,2010,Rabi,24.97,19.24,30.71,329.76,82.82,16.76,11.73,37.24
COIMBATORE,2010,Whole Year,29.5,22.5,36.5,1031.72,69.0,21.39,11.4,27.5
COIMBATORE,2010,Summer,33.2,24.63,41.78,102.42,49.81,22.38,11.9,12.86
COIMBATORE,2011,Kharif,28.42,23.28,33.56,299.51,75.94,18.64,11.52,25.26
COIMBATORE,2011,Rabi,26.49,20.89,32.08,516.98,81.25,17.91,8.02,35.03
COIMBATORE,2011,Whole Year,29.5,22.5,36.5,1005.1,69.0,19.19,11.14,27.5
COIMBATORE,2011,Summer,31.49,25.84,37.14,66.47,58.82,22.43,7.42,12.03
COIMBATORE,2012,Kharif,29.67,23.9,35.45,232.46,71.94,22.42,15.53,19.27
COIMBATORE,2012,Rabi,25.29,19.33,31.26,285.74,76.79,16.39,11.04,28.54
COIMBATORE,2012,Whole Year,29.5,22.5,36.5,605.12,64.0,19.51,13.84,22.0
COIMBATORE,2012,Summer,30.98,24.57,37.39,56.94,51.18,25.89,9.24,14.13
COIMBATORE,2013,Kharif,29.49,22.06,36.92,225.38,73.17,19.35,12.88,19.25
COIMBATORE,2013,Rabi,26.0,20.06,31.93,429.9,78.46,16.71,10.44,27.62
COIMBATORE,2013,Whole Year,29.5,22.5,36.5,768.21,64.0,20.34,13.6,22.0
COIMBATORE,2013,Summer,33.22,25.9,40.54,31.65,46.57,25.83,8.65,14.74
CUDDALORE,1997,Kharif,30.95,24.6,37.31,476.12,73.91,22.5,11.0,30.41
CUDDALORE,1997,Rabi,26.15,20.71,31.59,540.23,82.46,15.77,9.4,38.11
CUDDALORE,1997,Whole Year,31.0,24.0,38.0,1018.72,75.0,19.71,13.64,28.0
CUDDALORE,1997,Summer,34.35,26.86,41.84,79.35,54.81,22.82,10.39,18.81
CUDDALORE,1998,Kharif,30.55,25.3,35.81,539.1,73.38,18.3,10.44,26.88
CUDDALORE,1998,Rabi,27.16,22.02,32.31,451.9,88.31,18.07,9.87,31.86
CUDDALORE,1998,Whole Year,31.0,24.0,38.0,1247.26,75.0,21.85,13.87,28.0
CUDDALORE,1998,Summer,33.45,25.62,41.27,56.28,50.46,25.34,10.56,17.9
CUDDALORE,1999,Kharif,30.57,24.3,36.83,385.06,72.26,20.19,14.14,33.63
CUDDALORE,1999,Rabi,28.22,22.3,34.15,464.82,89.45,15.16,11.15,31.6
CUDDALORE,1999,Whole Year,31.0,24.0,38.0,963.65,75.0,19.24,12.41,28.0
CUDDALORE,1999,Summer,34.95,26.71,43.19,97.01,58.36,24.82,7.33,16.15
CUDDALORE,2000,Kharif,29.55,24.17,34.92,465.97,77.11,20.4,15.79,28.84
CUDDALORE,2000,Rabi,27.6,22.8,32.39,613.29,80.71,18.36,11.49,36.14
CUDDALORE,2000,Whole Year,31.0,24.0,38.0,984.35,75.0,19.67,13.02,28.0
CUDDALORE,2000,Summer,32.9,27.3,38.5,53.92,59.73,22.92,11.56,11.43
CUDDALORE,2001,Kharif,30.02,23.89,36.14,504.7,81.94,18.61,15.33,28.04
CUDDALORE,2001,Rabi,27.55,21.04,34.05,419.5,84.79,17.38,11.26,30.82
CUDDALORE,2001,Whole Year,31.0,24.0,38.0,954.45,75.0,21.57,9.16,28.0
CUDDALORE,2001,Summer,32.91,26.98,38.84,62.56,54.71,24.4,9.7,17.34
CUDDALORE,2002,Kharif,30.41,23.88,36.94,192.73,66.52,22.14,14.33,16.51
CUDDALORE,2002,Rabi,29.5,23.01,35.99,289.36,74.55,17.77,13.16,21.42
CUDDALORE,2002,Whole Year,31.9,24.0,39.8,703.37,67.0,20.29,12.46,18.2
CUDDALORE,2002,Summer,35.51,26.35,44.67,34.78,45.44,25.08,11.19,10.6
CUDDALORE,2003,Kharif,30.54,24.58,36.5,303.36,75.65,20.25,11.78,20.18
CUDDALORE,2003,Rabi,28.28,23.13,33.42,273.09,78.8,18.26,8.94,25.09
CUDDALORE,2003,Whole Year,31.9,24.0,39.8,643.12,67.0,21.78,9.75,18.2
CUDDALORE,2003,Summer,34.23,26.58,41.88,40.02,43.04,25.82,10.97,8.84
CUDDALORE,2004,Kharif,30.18,24.82,35.54,493.96,75.89,22.89,12.91,25.7
CUDDALORE,2004,Rabi,27.28,20.71,33.85,558.57,88.58,18.8,13.17,38.13
CUDDALORE,2004,Whole Year,31.0,24.0,38.0,953.92,75.0,20.53,12.98,28.0
CUDDALORE,2004,Summer,33.9,26.45,41.35,118.22,60.57,24.43,9.82,14.22
CUDDALORE,2005,Kharif,31.17,24.76,37.58,528.24,79.51,20.44,16.0,34.98
CUDDALORE,2005,Rabi,28.35,23.25,33.45,548.99,86.1,15.09,13.73,28.96
CUDDALORE,2005,Whole Year,31.0,24.0,38.0,969.14,75.0,19.89,12.67,28.0
CUDDALORE,2005,Summer,32.01,26.16,37.87,40.29,60.22,25.17,11.65,13.85
CUDDALORE,2006,Kharif,30.22,24.45,35.99,439.49,79.42,20.59,13.11,33.65
CUDDALORE,2006,Rabi,27.79,21.09,34.5,498.4,80.39,17.61,12.7,38.49
CUDDALORE,2006,Whole Year,31.0,24.0,38.0,844.35,75.0,21.64,11.58,28.0
CUDDALORE,2006,Summer,32.79,26.75,38.83,107.26,59.54,24.72,9.56,13.41
CUDDALORE,2007,Kharif,29.81,23.92,35.69,492.4,76.14,18.15,16.14,33.87
CUDDALORE,2007,Rabi,28.2,23.14,33.26,378.12,88.3,18.95,10.97,31.51
CUDDALORE,2007,Whole Year,31.0,24.0,38.0,1195.21,75.0,20.56,11.25,28.0
CUDDALORE,2007,Summer,34.12,27.04,41.2,86.32,61.06,22.95,9.19,14.99
CUDDALORE,2008,Kharif,30.42,25.24,35.6,334.41,83.52,18.37,17.03,29.71
CUDDALORE,2008,Rabi,27.89,21.5,34.27,481.71,87.03,17.69,13.93,28.52
CUDDALORE,2008,Whole Year,31.0,24.0,38.0,1031.28,75.0,21.97,10.64,28.0
CUDDALORE,2008,Summer,33.98,25.57,42.4,59.4,64.56,23.26,7.62,14.8
CUDDALORE,2009,Kharif,30.09,23.62,36.55,406.77,73.24,21.11,13.64,32.45
CUDDALORE,2009,Rabi,28.06,21.95,34.16,629.05,81.45,15.54,8.15,32.13
CUDDALORE,2009,Whole Year,31.0,24.0,38.0,862.94,75.0,20.35,10.21,28.0
CUDDALORE,2009,Summer,32.48,26.5,38.45,80.56,50.5,24.87,9.82,17.82
CUDDALORE,2010,Kharif,30.56,25.49,35.63,705.53,86.74,18.45,12.61,35.91
CUDDALORE,2010,Rabi,26.98,20.7,33.26,494.06,90.09,16.16,10.03,36.6
CUDDALORE,2010,Whole Year,31.0,24.0,38.0,1342.48,80.0,21.01,12.8,35.0
CUDDALORE,2010,Summer,33.79,26.11,41.46,146.66,65.01,22.97,7.45,15.74
CUDDALORE,2011,Kharif,31.68,25.2,38.15,441.34,76.41,20.0,11.36,31.58
CUDDALORE,2011,Rabi,28.34,22.41,34.26,472.6,87.08,18.3,9.47,41.18
CUDDALORE,2011,Whole Year,31.0,24.0,38.0,1145.8,80.0,21.39,12.68,35.0
CUDDALORE,2011,Summer,35.22,27.24,43.19,110.16,58.03,25.44,9.6,21.85
CUDDALORE,2012,Kharif,29.8,25.02,34.59,380.2,72.29,22.91,17.39,25.41
CUDDALORE,2012,Rabi,27.75,22.47,33.03,493.47,87.0,17.01,11.39,35.59
CUDDALORE,2012,Whole Year,31.0,24.0,38.0,849.94,75.0,19.04,9.89,28.0
CUDDALORE,2012,Summer,32.5,26.06,38.94,117.95,63.82,24.61,7.13,19.37
CUDDALORE,2013,Kharif,30.96,25.07,36.85,534.17,70.46,20.56,14.21,27.74
CUDDALORE,2013,Rabi,27.33,21.54,33.13,440.7,87.05,16.86,10.82,38.66
CUDDALORE,2013,Whole Year,31.0,24.0,38.0,1064.71,75.0,21.35,13.34,28.0
CUDDALORE,2013,Summer,34.28,26.34,42.22,56.4,62.27,25.13,11.63,11.56
DHARMAPURI,1997,Kharif,28.79,23.47,34.11,358.86,75.16,20.03,12.41,23.12
DHARMAPURI,1997,Rabi,26.39,20.07,32.71,348.64,75.48,15.97,11.23,32.52
DHARMAPURI,1997,Whole Year,30.5,23.5,37.5,1096.99,70.0,21.5,12.06,25.0
DHARMAPURI,1997,Summer,32.9,25.67,40.13,60.46,48.23,22.8,8.67,17.34
DHARMAPURI,1998,Kharif,29.93,23.86,35.99,445.45,76.43,19.63,15.01,23.1
DHARMAPURI,1998,Rabi,28.41,22.84,33.97,537.01,84.31,18.33,10.57,33.61
DHARMAPURI,1998,Whole Year,30.5,23.5,37.5,1025.51,70.0,19.77,12.12,25.0
DHARMAPURI,1998,Summer,32.4,26.39,38.4,29.3,51.85,23.77,7.44,15.39
DHARMAPURI,1999,Kharif,29.25,23.55,34.94,468.66,76.67,22.03,10.03,31.03
DHARMAPURI,1999,Rabi,26.28,20.03,32.52,613.61,81.12,15.54,12.89,30.58
DHARMAPURI,1999,Whole Year,30.5,23.5,37.5,861.96,70.0,19.71,11.59,25.0
DHARMAPURI,1999,Summer,33.94,25.62,42.26,74.95,53.77,24.84,9.48,14.89
DHARMAPURI,2000,Kharif,30.85,23.78,37.91,394.99,75.37,22.46,17.3,22.66
DHARMAPURI,2000,Rabi,27.73,21.64,33.83,605.8,76.9,16.77,9.67,32.91
DHARMAPURI,2000,Whole Year,30.5,23.5,37.5,1049.6,70.0,20.41,12.38,25.0
DHARMAPURI,2000,Summer,33.26,25.26,41.26,35.9,49.32,22.72,10.27,12.5
DHARMAPURI,2001,Kharif,29.9,24.89,34.91,361.02,79.91,19.28,17.83,24.89
DHARMAPURI,2001,Rabi,26.99,20.12,33.87,353.29,83.29,17.07,12.12,32.76
DHARMAPURI,2001,Whole Year,30.5,23.5,37.5,781.83,70.0,21.4,10.51,25.0
DHARMAPURI,2001,Summer,32.99,25.54,40.44,82.55,50.66,25.65,11.47,13.37
DHARMAPURI,2002,Kharif,30.49,24.22,36.77,262.38,71.51,18.98,13.66,18.82
DHARMAPURI,2002,Rabi,28.17,21.09,35.25,188.47,76.11,15.25,10.67,18.04
DHARMAPURI,2002,Whole Year,31.4,23.5,39.3,646.55,62.0,19.83,10.87,16.25
DHARMAPURI,2002,Summer,33.62,25.22,42.02,60.85,42.09,22.36,9.17,7.36
DHARMAPURI,2003,Kharif,31.08,24.87,37.3,274.91,58.77,18.03,17.48,17.26
DHARMAPURI,2003,Rabi,28.45,21.32,35.59,315.34,75.27,18.08,11.67,20.72
DHARMAPURI,2003,Whole Year,31.4,23.5,39.3,565.4,62.0,20.07,10.43,16.25
DHARMAPURI,2003,Summer,33.79,26.65,40.92,43.82,43.19,25.08,11.4,9.68
DHARMAPURI,2004,Kharif,29.38,24.66,34.1,301.07,78.62,20.84,16.79,23.59
DHARMAPURI,2004,Rabi,27.03,20.87,33.2,559.36,80.36,18.17,13.61,34.57
DHARMAPURI,2004,Whole Year,30.5,23.5,37.5,782.16,70.0,20.87,9.57,25.0
DHARMAPURI,2004,Summer,33.94,25.15,42.73,66.2,45.6,25.45,10.48,14.36
DHARMAPURI,2005,Kharif,31.02,24.19,37.86,301.11,77.04,19.84,16.03,22.89
DHARMAPURI,2005,Rabi,27.86,21.88,33.84,481.39,79.91,18.01,10.5,29.93
DHARMAPURI,2005,Whole Year,30.5,23.5,37.5,942.3,70.0,21.97,13.03,25.0
DHARMAPURI,2005,Summer,34.31,26.92,41.7,66.5,56.54,25.84,8.35,12.4
DHARMAPURI,2006,Kharif,31.39,24.87,37.91,433.22,67.22,20.45,12.69,21.57
DHARMAPURI,2006,Rabi,26.87,20.22,33.52,614.2,77.43,17.8,8.71,29.31
DHARMAPURI,2006,Whole Year,30.5,23.5,37.5,1047.6,70.0,19.02,11.4,25.0
DHARMAPURI,2006,Summer,33.64,26.13,41.15,43.09,57.4,24.93,10.21,15.64
DHARMAPURI,2007,Kharif,29.29,24.51,34.07,451.45,68.1,20.09,13.75,23.12
DHARMAPURI,2007,Rabi,27.59,21.44,33.74,393.0,80.2,16.23,13.88,27.21
DHARMAPURI,2007,Whole Year,30.5,23.5,37.5,776.23,70.0,19.43,10.84,25.0
DHARMAPURI,2007,Summer,33.45,25.89,41.01,71.75,46.42,23.62,10.56,12.01
DHARMAPURI,2008,Kharif,30.67,23.64,37.7,473.63,75.95,22.71,15.44,30.88
DHARMAPURI,2008,Rabi,25.81,20.31,31.32,455.68,78.47,15.11,10.8,26.48
DHARMAPURI,2008,Whole Year,30.5,23.5,37.5,749.41,70.0,20.34,10.16,25.0
DHARMAPURI,2008,Summer,33.5,25.13,41.88,106.53,46.78,25.28,9.99,10.49
DHARMAPURI,2009,Kharif,30.66,24.47,36.84,346.18,69.88,18.52,10.56,23.35
DHARMAPURI,2009,Rabi,26.74,20.5,32.99,414.51,75.61,15.75,10.7,26.53
DHARMAPURI,2009,Whole Year,30.5,23.5,37.5,1016.64,70.0,21.37,9.68,25.0
DHARMAPURI,2009,Summer,32.81,25.55,40.07,107.08,48.19,24.63,10.02,11.34
DHARMAPURI,2010,Kharif,29.72,23.21,36.24,499.67,78.63,19.38,16.5,37.34
DHARMAPURI,2010,Rabi,27.23,22.14,32.33,473.85,82.39,16.34,13.41,39.08
DHARMAPURI,2010,Whole Year,30.5,23.5,37.5,1238.07,75.0,21.84,12.96,31.25
DHARMAPURI,2010,Summer,32.36,26.97,37.75,57.15,60.44,25.75,10.85,13.86
DHARMAPURI,2011,Kharif,29.18,23.93,34.44,384.5,73.63,22.53,12.93,38.01
DHARMAPURI,2011,Rabi,27.0,20.75,33.25,724.74,80.96,18.26,9.52,43.55
DHARMAPURI,2011,Whole Year,30.5,23.5,37.5,1362.58,75.0,21.99,13.69,31.25
DHARMAPURI,2011,Summer,34.47,26.28,42.65,66.62,55.11,25.68,8.91,14.41
DHARMAPURI,2012,Kharif,28.81,23.21,34.41,338.19,73.11,22.02,16.95,26.37
DHARMAPURI,2012,Rabi,27.42,21.28,33.56,453.48,80.59,15.07,13.71,30.67
DHARMAPURI,2012,Whole Year,30.5,23.5,37.5,1003.75,70.0,19.74,12.28,25.0
DHARMAPURI,2012,Summer,31.88,26.08,37.67,95.4,47.41,22.29,8.95,12.11
DHARMAPURI,2013,Kharif,29.96,23.97,35.96,402.54,68.71,19.11,15.79,31.01
DHARMAPURI,2013,Rabi,26.77,20.16,33.38,329.98,77.38,17.76,9.77,28.94
DHARMAPURI,2013,Whole Year,30.5,23.5,37.5,1086.96,70.0,19.26,13.31,25.0
DHARMAPURI,2013,Summer,32.96,26.9,39.03,71.13,54.65,26.31,9.52,15.5
DINDIGUL,1997,Kharif,25.47,18.6,32.34,584.81,79.99,22.32,15.23,35.98
DINDIGUL,1997,Rabi,22.11,17.48,26.74,680.47,85.66,16.96,10.94,35.0
DINDIGUL,1997,Whole Year,25.5,18.5,32.5,1231.92,78.0,20.69,9.65,32.0
DINDIGUL,1997,Summer,27.72,21.24,34.19,93.55,56.76,22.08,7.66,15.7
DINDIGUL,1998,Kharif,24.65,18.38,30.92,483.14,79.14,20.08,17.82,38.7
DINDIGUL,1998,Rabi,21.4,15.82,26.97,610.32,89.89,16.58,11.15,33.87
DINDIGUL,1998,Whole Year,25.5,18.5,32.5,1004.92,78.0,19.5,12.78,32.0
DINDIGUL,1998,Summer,29.58,21.62,37.55,71.26,65.46,25.71,9.28,16.53
DINDIGUL,1999,Kharif,24.83,19.34,30.32,527.07,81.11,20.34,13.58,29.02
DINDIGUL,1999,Rabi,22.15,15.52,28.78,726.65,87.51,18.89,11.71,41.91
DINDIGUL,1999,Whole Year,25.5,18.5,32.5,1315.79,78.0,21.12,12.21,32.0
DINDIGUL,1999,Summer,27.67,21.58,33.77,130.95,65.3,22.68,8.42,16.28
DINDIGUL,2000,Kharif,25.16,18.89,31.42,563.71,74.1,19.04,14.04,30.41
DINDIGUL,2000,Rabi,21.65,15.38,27.92,600.86,83.0,18.43,10.77,38.8
DINDIGUL,2000,Whole Year,25.5,18.5,32.5,1295.17,78.0,21.81,9.79,32.0
DINDIGUL,2000,Summer,27.29,21.86,32.73,114.13,66.06,24.25,10.53,19.64
DINDIGUL,2001,Kharif,25.49,19.19,31.79,609.6,73.42,21.36,14.18,29.92
DINDIGUL,2001,Rabi,22.79,17.08,28.51,639.84,83.15,18.86,12.0,37.67
DINDIGUL,2001,Whole Year,25.5,18.5,32.5,1301.92,78.0,19.61,10.3,32.0
DINDIGUL,2001,Summer,28.04,21.7,34.38,133.02,62.17,23.3,10.52,21.15
DINDIGUL,2002,Kharif,26.77,19.51,34.03,254.27,68.71,20.36,10.53,24.85
DINDIGUL,2002,Rabi,22.6,15.38,29.83,315.19,76.67,17.8,8.62,24.22
DINDIGUL,2002,Whole Year,26.4,18.5,34.3,601.58,70.0,20.28,9.67,20.8
DINDIGUL,2002,Summer,29.22,21.94,36.5,56.52,53.41,22.79,7.39,9.11
DINDIGUL,2003,Kharif,24.7,18.55,30.86,350.78,77.6,22.4,17.03,23.23
DINDIGUL,2003,Rabi,22.72,15.46,29.99,314.53,82.55,17.46,8.16,27.34
DINDIGUL,2003,Whole Year,26.4,18.5,34.3,826.8,70.0,20.55,11.44,20.8
DINDIGUL,2003,Summer,29.63,21.15,38.11,32.17,48.39,23.32,8.31,13.37
DINDIGUL,2004,Kharif,26.05,19.65,32.45,617.63,77.8,22.64,14.53,30.52
DINDIGUL,2004,Rabi,22.52,16.64,28.4,671.99,87.95,16.03,12.35,36.01
DINDIGUL,2004,Whole Year,25.5,18.5,32.5,1118.86,78.0,21.24,11.79,32.0
DINDIGUL,2004,Summer,28.88,21.63,36.12,58.53,56.59,24.15,9.97,18.57
DINDIGUL,2005,Kharif,25.65,19.71,31.6,585.73,86.37,21.44,17.75,34.86
DINDIGUL,2005,Rabi,22.61,17.24,27.98,769.78,86.59,16.06,13.8,41.81
DINDIGUL,2005,Whole Year,25.5,18.5,32.5,983.89,78.0,20.68,10.17,32.0
DINDIGUL,2005,Summer,26.98,21.43,32.53,55.41,60.42,22.35,11.45,20.24
DINDIGUL,2006,Kharif,24.38,19.24,29.52,622.26,81.45,20.11,11.59,29.8
DINDIGUL,2006,Rabi,21.59,15.61,27.56,799.95,92.53,15.83,14.0,44.63
DINDIGUL,2006,Whole Year,25.5,18.5,32.5,1343.65,78.0,20.17,10.12,32.0
DINDIGUL,2006,Summer,27.05,21.79,32.31,123.36,53.82,25.48,10.8,16.79
DINDIGUL,2007,Kharif,25.2,18.72,31.68,410.1,84.08,18.73,12.35,34.75
DINDIGUL,2007,Rabi,22.25,16.38,28.11,638.23,83.5,18.91,12.58,43.27
DINDIGUL,2007,Whole Year,25.5,18.5,32.5,1345.89,78.0,19.64,13.66,32.0
DINDIGUL,2007,Summer,26.25,20.03,32.47,47.05,53.15,23.32,11.1,13.51
DINDIGUL,2008,Kharif,25.17,18.54,31.81,606.04,83.93,18.21,13.6,31.65
DINDIGUL,2008,Rabi,21.79,16.29,27.28,516.44,89.61,16.24,13.1,36.13
DINDIGUL,2008,Whole Year,25.5,18.5,32.5,1207.36,78.0,21.48,13.11,32.0
DINDIGUL,2008,Summer,27.55,20.83,34.28,93.07,55.25,22.98,7.61,18.39
DINDIGUL,2009,Kharif,24.51,18.85,30.17,461.12,74.33,18.65,16.63,33.15
DINDIGUL,2009,Rabi,23.29,17.7,28.89,487.85,86.17,18.89,9.09,44.4
DINDIGUL,2009,Whole Year,25.5,18.5,32.5,1306.68,78.0,20.28,11.97,32.0
DINDIGUL,2009,Summer,28.91,20.98,36.83,36.04,55.8,26.37,9.15,14.64
DINDIGUL,2010,Kharif,25.08,19.78,30.39,485.72,81.45,21.27,13.33,48.42
DINDIGUL,2010,Rabi,21.54,16.61,26.46,596.83,94.93,17.54,12.25,45.42
DINDIGUL,2010,Whole Year,25.5,18.5,32.5,1818.98,83.0,19.34,9.16,40.0
DINDIGUL,2010,Summer,28.29,20.52,36.06,111.36,72.34,22.51,7.98,23.66
DINDIGUL,2011,Kharif,25.19,18.67,31.71,737.46,78.37,21.22,12.01,43.14
DINDIGUL,2011,Rabi,21.97,15.79,28.16,675.07,91.55,18.67,13.09,44.11
DINDIGUL,2011,Whole Year,25.5,18.5,32.5,1614.31,83.0,19.32,12.27,40.0
DINDIGUL,2011,Summer,27.17,20.76,33.58,100.61,61.27,23.15,10.84,19.8
DINDIGUL,2012,Kharif,23.72,18.32,29.12,410.35,75.66,22.45,13.43,34.18
DINDIGUL,2012,Rabi,21.83,17.27,26.39,644.41,85.83,18.72,10.86,33.77
DINDIGUL,2012,Whole Year,25.5,18.5,32.5,971.42,78.0,19.7,10.6,32.0
DINDIGUL,2012,Summer,27.89,21.59,34.19,130.06,67.28,25.61,9.13,21.5
DINDIGUL,2013,Kharif,24.16,18.67,29.66,612.34,75.32,19.68,17.83,29.91
DINDIGUL,2013,Rabi,22.52,16.11,28.93,680.97,89.63,17.49,11.33,44.15
DINDIGUL,2013,Whole Year,25.5,18.5,32.5,1221.0,78.0,20.99,12.69,32.0
DINDIGUL,2013,Summer,29.14,20.94,37.33,31.43,62.07,24.77,7.09,21.79
ERODE,1997,Kharif,28.11,22.35,33.88,258.93,69.16,19.71,16.85,20.89
ERODE,1997,Rabi,25.47,19.55,31.39,351.6,70.68,18.93,10.07,23.8
ERODE,1997,Whole Year,29.5,22.5,36.5,585.34,64.0,20.48,9.16,22.0
ERODE,1997,Summer,33.25,25.09,41.42,51.7,53.35,23.19,7.24,14.62
ERODE,1998,Kharif,28.39,23.52,33.26,368.27,66.31,20.03,17.42,23.37
ERODE,1998,Rabi,26.77,21.16,32.38,307.67,73.43,18.21,13.59,27.33
ERODE,1998,Whole Year,29.5,22.5,36.5,721.39,64.0,19.23,12.09,22.0
ERODE,1998,Summer,32.22,25.35,39.09,68.75,44.4,22.44,8.99,10.12
ERODE,1999,Kharif,28.79,23.7,33.88,360.69,69.69,22.54,14.05,18.71
ERODE,1999,Rabi,26.17,21.9,30.43,430.79,71.02,15.41,13.17,24.01
ERODE,1999,Whole Year,29.5,22.5,36.5,720.7,64.0,20.02,13.48,22.0
ERODE,1999,Summer,31.66,24.59,38.72,76.93,43.1,25.64,11.89,10.14
ERODE,2000,Kharif,29.41,23.6,35.23,293.63,72.04,18.78,13.4,23.35
ERODE,2000,Rabi,25.4,20.61,30.2,277.69,70.54,17.38,10.57,23.57
ERODE,2000,Whole Year,29.5,22.5,36.5,788.16,64.0,21.41,10.05,22.0
ERODE,2000,Summer,30.47,24.55,36.38,76.44,39.56,22.7,10.93,9.44
ERODE,2001,Kharif,28.44,22.08,34.81,294.1,70.46,19.24,13.19,19.32
ERODE,2001,Rabi,26.28,20.16,32.4,448.0,74.36,18.06,8.9,28.54
ERODE,2001,Whole Year,29.5,22.5,36.5,577.31,64.0,19.58,12.17,22.0
ERODE,2001,Summer,31.91,25.36,38.46,74.38,45.43,23.8,9.33,14.4
ERODE,2002,Kharif,30.67,23.03,38.3,146.58,59.01,19.85,14.73,15.45
ERODE,2002,Rabi,26.83,20.29,33.38,211.11,70.1,16.07,10.6,15.51
ERODE,2002,Whole Year,30.4,22.5,38.3,403.01,56.0,19.75,12.35,14.3
ERODE,2002,Summer,32.02,24.58,39.46,51.16,41.74,25.73,8.46,7.49
ERODE,2003,Kharif,29.85,22.67,37.03,173.44,62.91,21.54,17.31,13.48
ERODE,2003,Rabi,28.38,21.95,34.8,186.29,61.43,15.99,12.01,17.66
ERODE,2003,Whole Year,30.4,22.5,38.3,381.32,56.0,19.56,11.22,14.3
ERODE,2003,Summer,31.89,25.97,37.81,35.95,41.12,22.11,9.3,9.73
ERODE,2004,Kharif,28.75,23.49,34.0,282.47,61.23,21.19,16.71,20.41
ERODE,2004,Rabi,26.34,20.02,32.66,460.39,74.53,15.61,11.96,28.47
ERODE,2004,Whole Year,29.5,22.5,36.5,793.24,64.0,21.8,12.08,22.0
ERODE,2004,Summer,32.04,25.07,39.02,39.5,53.14,25.23,7.1,9.22
ERODE,2005,Kharif,30.03,23.33,36.72,285.09,62.23,22.49,14.57,21.95
ERODE,2005,Rabi,25.59,19.85,31.32,418.52,71.18,15.6,10.77,24.81
ERODE,2005,Whole Year,29.5,22.5,36.5,750.28,64.0,21.37,13.51,22.0
ERODE,2005,Summer,31.26,24.48,38.05,67.56,46.05,26.08,10.53,9.79
ERODE,2006,Kharif,29.51,23.84,35.18,264.68,61.52,21.99,13.0,19.46
ERODE,2006,Rabi,26.62,21.21,32.03,398.67,71.62,16.36,8.3,30.39
ERODE,2006,Whole Year,29.5,22.5,36.5,670.22,64.0,21.79,13.07,22.0
ERODE,2006,Summer,32.75,25.33,40.16,50.02,39.35,24.87,9.6,13.01
ERODE,2007,Kharif,28.89,23.56,34.23,324.75,60.26,19.51,14.96,27.46
ERODE,2007,Rabi,25.86,19.22,32.5,363.08,77.05,17.24,10.75,23.97
ERODE,2007,Whole Year,29.5,22.5,36.5,849.87,64.0,20.79,12.38,22.0
ERODE,2007,Summer,32.15,25.72,38.59,83.96,42.63,25.97,8.98,9.24
ERODE,2008,Kharif,28.9,23.3,34.5,253.63,66.9,18.96,17.5,26.69
ERODE,2008,Rabi,26.58,21.22,31.95,363.16,71.5,18.59,9.39,27.5
ERODE,2008,Whole Year,29.5,22.5,36.5,672.58,64.0,21.48,12.1,22.0
ERODE,2008,Summer,31.21,24.33,38.09,18.05,50.68,25.66,8.58,10.91
ERODE,2009,Kharif,28.6,23.1,34.1,341.07,63.83,21.02,13.61,21.23
ERODE,2009,Rabi,26.35,21.2,31.51,292.93,72.46,15.16,12.74,22.38
ERODE,2009,Whole Year,29.5,22.5,36.5,827.21,64.0,19.14,13.24,22.0
ERODE,2009,Summer,31.87,24.71,39.04,27.3,50.15,25.11,9.56,12.19
ERODE,2010,Kharif,29.32,23.73,34.9,394.68,65.83,22.87,16.64,26.87
ERODE,2010,Rabi,25.99,20.31,31.68,348.03,78.38,15.83,10.0,37.88
ERODE,2010,Whole Year,29.5,22.5,36.5,955.22,69.0,19.2,12.36,27.5
ERODE,2010,Summer,30.5,24.0,37.01,83.83,46.64,25.8,10.54,18.51
ERODE,2011,Kharif,28.6,23.94,33.26,292.3,64.65,18.6,16.54,33.24
ERODE,2011,Rabi,26.93,20.99,32.87,446.09,75.72,17.73,10.52,27.71
ERODE,2011,Whole Year,29.5,22.5,36.5,1110.6,69.0,20.79,12.07,27.5
ERODE,2011,Summer,32.52,24.03,41.0,55.05,58.37,23.0,8.76,18.92
ERODE,2012,Kharif,27.65,22.22,33.09,372.19,62.86,21.88,10.93,20.64
ERODE,2012,Rabi,26.3,20.48,32.11,325.48,77.73,18.76,8.74,28.32
ERODE,2012,Whole Year,29.5,22.5,36.5,613.99,64.0,20.02,13.1,22.0
ERODE,2012,Summer,33.39,25.33,41.44,45.72,49.35,26.45,9.21,13.69
ERODE,2013,Kharif,28.31,22.8,33.81,288.05,60.16,21.54,14.15,19.78
ERODE,2013,Rabi,26.06,19.7,32.41,419.45,72.29,17.89,11.47,26.79
ERODE,2013,Whole Year,29.5,22.5,36.5,762.84,64.0,20.89,13.0,22.0
ERODE,2013,Summer,32.19,24.03,40.36,47.82,47.07,22.13,7.8,10.31
KANCHIPURAM,1997,Kharif,30.04,23.02,37.05,288.85,72.48,19.07,12.38,27.3
KANCHIPURAM,1997,Rabi,27.41,21.2,33.62,360.0,79.97,17.4,13.58,30.16
KANCHIPURAM,1997,Whole Year,30.5,23.5,37.5,861.36,70.0,19.88,10.08,25.0
KANCHIPURAM,1997,Summer,32.85,25.08,40.62,48.89,48.82,23.3,9.52,10.19
KANCHIPURAM,1998,Kharif,30.57,23.31,37.83,448.76,67.57,22.13,12.78,30.61
KANCHIPURAM,1998,Rabi,26.69,22.1,31.27,572.77,76.17,17.17,10.26,32.57
KANCHIPURAM,1998,Whole Year,30.5,23.5,37.5,1011.6,70.0,21.33,9.32,25.0
KANCHIPURAM,1998,Summer,32.54,25.28,39.8,41.44,55.52,26.06,7.03,16.01
KANCHIPURAM,1999,Kharif,29.08,23.15,35.0,439.1,67.42,18.08,14.84,27.71
KANCHIPURAM,1999,Rabi,27.54,22.55,32.54,428.28,75.76,17.03,11.51,27.17
KANCHIPURAM,1999,Whole Year,30.5,23.5,37.5,1008.24,70.0,19.22,11.75,25.0
KANCHIPURAM,1999,Summer,33.0,26.39,39.62,100.99,49.95,22.67,11.43,12.8
KANCHIPURAM,2000,Kharif,30.16,24.32,36.01,302.93,78.71,20.34,13.15,22.96
KANCHIPURAM,2000,Rabi,27.23,20.59,33.86,577.93,76.61,18.01,9.22,25.39
KANCHIPURAM,2000,Whole Year,30.5,23.5,37.5,914.29,70.0,21.01,9.62,25.0
KANCHIPURAM,2000,Summer,33.93,25.79,42.06,40.54,53.58,24.24,11.16,15.79
KANCHIPURAM,2001,Kharif,30.09,23.46,36.72,394.01,72.63,19.85,14.11,29.79
KANCHIPURAM,2001,Rabi,27.62,21.29,33.96,353.18,79.41,15.8,10.19,32.9
KANCHIPURAM,2001,Whole Year,30.5,23.5,37.5,1039.52,70.0,19.1,13.77,25.0
KANCHIPURAM,2001,Summer,33.84,25.26,42.43,55.36,52.55,22.76,8.98,10.95
KANCHIPURAM,2002,Kharif,30.7,23.27,38.12,172.57,70.19,18.4,17.42,14.5
KANCHIPURAM,2002,Rabi,27.79,20.85,34.74,330.64,72.65,16.4,9.65,22.4
KANCHIPURAM,2002,Whole Year,31.4,23.5,39.3,539.03,62.0,21.53,12.62,16.25
KANCHIPURAM,2002,Summer,35.16,25.69,44.62,43.21,41.0,25.82,7.23,11.36
KANCHIPURAM,2003,Kharif,31.54,24.48,38.61,280.9,68.45,19.15,12.9,16.5
KANCHIPURAM,2003,Rabi,27.92,21.24,34.61,331.61,75.6,15.36,9.64,18.48
KANCHIPURAM,2003,Whole Year,31.4,23.5,39.3,444.55,62.0,20.25,10.79,16.25
KANCHIPURAM,2003,Summer,32.68,25.95,39.4,35.19,43.04,25.62,10.83,8.47
KANCHIPURAM,2004,Kharif,29.19,24.22,34.15,275.85,78.09,22.03,10.17,30.08
KANCHIPURAM,2004,Rabi,27.28,21.16,33.41,464.46,76.51,16.43,10.7,32.54
KANCHIPURAM,2004,Whole Year,30.5,23.5,37.5,1035.07,70.0,21.22,11.38,25.0
KANCHIPURAM,2004,Summer,32.22,25.67,38.77,109.32,57.48,25.26,7.77,12.11
KANCHIPURAM,2005,Kharif,30.21,23.5,36.92,285.09,75.18,19.02,17.78,27.28
KANCHIPURAM,2005,Rabi,27.31,22.99,31.63,380.1,77.47,17.23,9.23,29.13
KANCHIPURAM,2005,Whole Year,30.5,23.5,37.5,799.78,70.0,21.0,11.84,25.0
KANCHIPURAM,2005,Summer,34.27,25.74,42.8,57.35,56.77,26.49,7.29,16.08
KANCHIPURAM,2006,Kharif,30.67,24.68,36.66,362.21,77.59,21.66,11.38,27.9
KANCHIPURAM,2006,Rabi,26.93,22.35,31.51,335.12,76.14,17.82,13.95,31.76
KANCHIPURAM,2006,Whole Year,30.5,23.5,37.5,996.72,70.0,21.35,13.45,25.0
KANCHIPURAM,2006,Summer,33.55,26.46,40.63,41.21,52.12,22.94,7.32,10.66
KANCHIPURAM,2007,Kharif,28.54,23.05,34.02,409.99,78.31,19.97,15.66,24.74
KANCHIPURAM,2007,Rabi,27.61,21.41,33.81,322.21,77.67,15.42,10.98,32.7
KANCHIPURAM,2007,Whole Year,30.5,23.5,37.5,1095.39,70.0,19.47,9.22,25.0
KANCHIPURAM,2007,Summer,34.77,26.72,42.81,50.35,55.99,25.31,7.6,12.62
KANCHIPURAM,2008,Kharif,31.3,24.71,37.9,320.56,69.04,21.17,10.13,27.79
KANCHIPURAM,2008,Rabi,26.6,21.64,31.55,459.46,84.99,18.36,13.84,34.26
KANCHIPURAM,2008,Whole Year,30.5,23.5,37.5,1037.91,70.0,20.0,12.65,25.0
KANCHIPURAM,2008,Summer,32.9,26.22,39.58,99.22,56.92,23.33,11.65,15.25
KANCHIPURAM,2009,Kharif,29.68,24.87,34.49,385.56,76.98,21.96,13.4,23.84
KANCHIPURAM,2009,Rabi,27.23,20.64,33.83,446.41,76.37,17.44,8.43,31.12
KANCHIPURAM,2009,Whole Year,30.5,23.5,37.5,799.64,70.0,20.55,12.13,25.0
KANCHIPURAM,2009,Summer,34.04,26.11,41.96,55.17,57.67,24.09,11.82,16.6
KANCHIPURAM,2010,Kharif,29.67,24.38,34.97,473.6,79.83,22.63,14.91,37.01
KANCHIPURAM,2010,Rabi,26.11,20.91,31.3,760.23,82.0,16.47,13.04,43.49
KANCHIPURAM,2010,Whole Year,30.5,23.5,37.5,1105.4,75.0,20.15,11.43,31.25
KANCHIPURAM,2010,Summer,33.75,26.0,41.5,122.52,50.13,25.62,8.5,15.86
KANCHIPURAM,2011,Kharif,30.26,23.76,36.75,360.7,75.16,19.01,14.06,28.67
KANCHIPURAM,2011,Rabi,26.83,21.26,32.4,564.18,86.49,16.67,10.4,39.39
KANCHIPURAM,2011,Whole Year,30.5,23.5,37.5,984.21,75.0,20.3,9.98,31.25
KANCHIPURAM,2011,Summer,32.07,26.92,37.21,47.95,58.49,24.55,10.98,18.2
KANCHIPURAM,2012,Kharif,29.05,23.96,34.15,323.38,75.38,19.35,14.75,27.29
KANCHIPURAM,2012,Rabi,27.4,22.08,32.71,344.35,82.27,15.09,8.21,33.7
KANCHIPURAM,2012,Whole Year,30.5,23.5,37.5,949.55,70.0,19.49,12.01,25.0
KANCHIPURAM,2012,Summer,32.44,26.26,38.62,93.74,52.84,23.32,11.72,11.24
KANCHIPURAM,2013,Kharif,29.55,24.72,34.39,285.08,68.79,21.49,15.37,28.88
KANCHIPURAM,2013,Rabi,26.88,21.27,32.48,442.62,83.75,16.37,13.35,27.76
KANCHIPURAM,2013,Whole Year,30.5,23.5,37.5,793.89,70.0,19.77,11.5,25.0
KANCHIPURAM,2013,Summer,31.61,25.15,38.06,73.3,56.73,25.05,9.33,15.5
KANNIYAKUMARI,1997,Kharif,24.31,18.29,30.34,606.2,80.03,22.68,11.84,38.68
KANNIYAKUMARI,1997,Rabi,22.63,17.0,28.25,793.57,92.12,16.85,10.07,39.84
KANNIYAKUMARI,1997,Whole Year,25.5,18.5,32.5,1298.79,78.0,20.62,13.24,32.0
KANNIYAKUMARI,1997,Summer,28.74,21.88,35.6,89.31,67.41,22.06,10.03,13.93
KANNIYAKUMARI,1998,Kharif,25.63,18.46,32.8,387.1,84.98,20.96,13.58,35.52
KANNIYAKUMARI,1998,Rabi,22.25,15.59,28.91,669.51,90.47,17.43,11.39,32.83
KANNIYAKUMARI,1998,Whole Year,25.5,18.5,32.5,1034.44,78.0,20.14,12.25,32.0
KANNIYAKUMARI,1998,Summer,28.56,21.85,35.27,30.32,56.51,25.0,9.6,18.28
KANNIYAKUMARI,1999,Kharif,25.38,18.13,32.63,564.31,78.04,18.54,12.57,36.83
KANNIYAKUMARI,1999,Rabi,22.14,16.17,28.12,445.67,84.58,17.66,10.23,36.73
KANNIYAKUMARI,1999,Whole Year,25.5,18.5,32.5,1148.48,78.0,21.39,12.5,32.0
KANNIYAKUMARI,1999,Summer,27.93,21.79,34.07,106.43,53.36,26.11,8.24,13.43
KANNIYAKUMARI,2000,Kharif,24.74,18.85,30.63,388.82,82.77,18.8,12.81,37.37
KANNIYAKUMARI,2000,Rabi,21.88,15.95,27.82,778.51,84.25,17.76,8.7,33.75
KANNIYAKUMARI,2000,Whole Year,25.5,18.5,32.5,1203.08,78.0,19.07,11.5,32.0
KANNIYAKUMARI,2000,Summer,28.8,21.98,35.61,64.74,66.75,25.51,8.95,17.06
KANNIYAKUMARI,2001,Kharif,24.29,19.25,29.33,468.46,82.98,22.52,16.11,28.21
KANNIYAKUMARI,2001,Rabi,21.82,17.5,26.13,451.34,87.81,15.88,11.89,32.41
KANNIYAKUMARI,2001,Whole Year,25.5,18.5,32.5,1371.48,78.0,21.03,13.85,32.0
KANNIYAKUMARI,2001,Summer,28.13,20.09,36.16,47.01,64.67,23.25,9.13,18.28
KANNIYAKUMARI,2002,Kharif,24.87,18.63,31.1,307.1,65.89,22.14,10.32,20.93
KANNIYAKUMARI,2002,Rabi,23.13,16.74,29.51,265.01,84.33,16.53,10.38,22.82
KANNIYAKUMARI,2002,Whole Year,26.4,18.5,34.3,800.85,70.0,19.02,9.53,20.8
KANNIYAKUMARI,2002,Summer,30.33,21.06,39.61,19.74,59.07,25.22,10.68,13.92
KANNIYAKUMARI,2003,Kharif,25.63,18.85,32.41,279.55,71.47,22.87,13.04,18.48
KANNIYAKUMARI,2003,Rabi,23.91,17.13,30.68,345.52,78.16,16.24,8.05,26.07
KANNIYAKUMARI,2003,Whole Year,26.4,18.5,34.3,784.59,70.0,20.06,13.36,20.8
KANNIYAKUMARI,2003,Summer,28.96,20.51,37.41,65.93,48.46,24.37,8.99,9.1
KANNIYAKUMARI,2004,Kharif,25.2,19.19,31.2,608.98,75.32,21.78,11.93,39.45
KANNIYAKUMARI,2004,Rabi,21.76,16.22,27.3,543.04,85.02,17.86,11.82,43.39
KANNIYAKUMARI,2004,Whole Year,25.5,18.5,32.5,1246.72,78.0,19.51,12.41,32.0
KANNIYAKUMARI,2004,Summer,29.09,20.24,37.94,107.72,63.66,24.54,9.57,17.71
KANNIYAKUMARI,2005,Kharif,24.81,19.84,29.78,486.95,84.97,18.91,11.31,36.93
KANNIYAKUMARI,2005,Rabi,21.69,15.93,27.46,423.51,87.73,18.34,8.06,33.31
KANNIYAKUMARI,2005,Whole Year,25.5,18.5,32.5,1348.48,78.0,20.58,12.31,32.0
KANNIYAKUMARI,2005,Summer,27.16,20.51,33.8,63.12,64.04,22.75,8.52,21.95
KANNIYAKUMARI,2006,Kharif,24.9,19.83,29.96,427.59,75.31,18.39,11.29,33.96
KANNIYAKUMARI,2006,Rabi,21.43,16.21,26.65,606.33,83.06,17.41,8.01,40.23
KANNIYAKUMARI,2006,Whole Year,25.5,18.5,32.5,1191.99,78.0,19.33,9.44,32.0
KANNIYAKUMARI,2006,Summer,28.65,21.99,35.31,121.71,55.15,24.56,11.44,21.08
KANNIYAKUMARI,2007,Kharif,24.53,18.6,30.45,574.23,78.88,20.02,15.42,39.08
KANNIYAKUMARI,2007,Rabi,21.52,16.5,26.53,460.64,86.02,16.83,9.79,41.11
KANNIYAKUMARI,2007,Whole Year,25.5,18.5,32.5,1220.47,78.0,20.22,10.07,32.0
KANNIYAKUMARI,2007,Summer,28.42,20.79,36.04,119.14,53.14,23.04,7.08,17.6
KANNIYAKUMARI,2008,Kharif,24.07,18.15,30.0,553.69,77.79,19.96,17.58,33.1
KANNIYAKUMARI,2008,Rabi,21.74,15.82,27.65,711.21,86.17,18.51,11.29,35.96
KANNIYAKUMARI,2008,Whole Year,25.5,18.5,32.5,978.34,78.0,19.04,10.77,32.0
KANNIYAKUMARI,2008,Summer,26.94,21.57,32.32,92.49,53.17,23.9,9.76,14.91
KANNIYAKUMARI,2009,Kharif,24.95,19.59,30.31,576.49,87.41,21.7,10.16,32.81
KANNIYAKUMARI,2009,Rabi,22.77,16.74,28.81,703.81,90.14,17.26,11.88,40.94
KANNIYAKUMARI,2009,Whole Year,25.5,18.5,32.5,1225.23,78.0,21.53,9.18,32.0
KANNIYAKUMARI,2009,Summer,28.38,20.12,36.64,89.74,55.1,25.73,9.1,20.86
KANNIYAKUMARI,2010,Kharif,25.25,19.62,30.88,523.77,79.87,22.47,12.94,44.95
KANNIYAKUMARI,2010,Rabi,22.25,16.87,27.63,706.59,95.43,18.15,10.58,53.75
KANNIYAKUMARI,2010,Whole Year,25.5,18.5,32.5,1469.71,83.0,21.29,12.25,40.0
KANNIYAKUMARI,2010,Summer,29.21,21.09,37.33,123.14,60.4,25.3,9.66,19.92
KANNIYAKUMARI,2011,Kharif,23.66,18.1,29.23,771.7,85.6,21.74,12.67,40.15
KANNIYAKUMARI,2011,Rabi,23.15,17.43,28.86,546.86,91.87,16.34,12.88,48.03
KANNIYAKUMARI,2011,Whole Year,25.5,18.5,32.5,1353.52,83.0,20.53,10.18,40.0
KANNIYAKUMARI,2011,Summer,28.62,21.97,35.27,91.41,69.42,22.78,9.27,26.44
KANNIYAKUMARI,2012,Kharif,23.75,18.48,29.02,546.57,74.09,20.74,16.24,33.0
KANNIYAKUMARI,2012,Rabi,22.84,16.87,28.82,415.0,84.06,18.48,13.32,36.77
KANNIYAKUMARI,2012,Whole Year,25.5,18.5,32.5,1219.29,78.0,19.49,13.42,32.0
KANNIYAKUMARI,2012,Summer,28.22,21.06,35.38,42.4,58.78,25.13,8.47,21.4
KANNIYAKUMARI,2013,Kharif,26.09,19.59,32.59,538.56,85.46,21.5,13.43,31.44
KANNIYAKUMARI,2013,Rabi,21.35,15.8,26.89,428.14,85.47,18.02,12.76,35.54
KANNIYAKUMARI,2013,Whole Year,25.5,18.5,32.5,1117.4,78.0,20.65,10.31,32.0
KANNIYAKUMARI,2013,Summer,27.24,20.79,33.69,42.72,65.68,23.13,7.84,22.15
KARUR,1997,Kharif,28.2,22.68,33.72,274.85,63.04,21.42,16.94,22.23
KARUR,1997,Rabi,25.95,20.71,31.2,350.6,69.36,17.37,13.71,28.91
KARUR,1997,Whole Year,29.5,22.5,36.5,824.09,64.0,19.69,12.04,22.0
KARUR,1997,Summer,30.31,24.21,36.41,77.92,53.03,26.42,7.42,11.23
KARUR,1998,Kharif,28.56,23.89,33.23,351.29,59.95,21.96,17.26,26.93
KARUR,1998,Rabi,26.14,19.41,32.87,254.45,78.97,15.08,9.0,22.71
KARUR,1998,Whole Year,29.5,22.5,36.5,790.27,64.0,19.26,10.46,22.0
KARUR,1998,Summer,31.86,24.72,38.99,26.7,46.18,23.53,9.93,12.35
KARUR,1999,Kharif,29.24,22.02,36.45,202.23,61.64,22.57,14.32,25.38
KARUR,1999,Rabi,26.42,20.49,32.36,274.04,76.38,18.48,9.59,25.24
KARUR,1999,Whole Year,29.5,22.5,36.5,746.09,64.0,21.6,13.54,22.0
KARUR,1999,Summer,32.44,24.93,39.95,77.62,50.53,25.71,8.31,12.63
KARUR,2000,Kharif,28.59,22.13,35.05,217.74,72.44,20.92,10.57,18.79
KARUR,2000,Rabi,25.79,21.22,30.36,393.95,74.97,18.36,11.08,24.23
KARUR,2000,Whole Year,29.5,22.5,36.5,590.48,64.0,19.03,13.63,22.0
KARUR,2000,Summer,32.35,25.71,39.0,72.22,40.07,22.91,8.16,9.99
KARUR,2001,Kharif,29.25,23.68,34.82,311.48,69.59,19.64,14.99,18.72
KARUR,2001,Rabi,25.97,19.34,32.61,373.55,71.43,18.89,12.86,22.15
KARUR,2001,Whole Year,29.5,22.5,36.5,711.26,64.0,19.31,9.66,22.0
KARUR,2001,Summer,33.06,26.0,40.13,34.73,49.43,22.21,7.04,14.03
KARUR,2002,Kharif,29.5,22.68,36.33,128.21,62.64,22.63,14.22,12.95
KARUR,2002,Rabi,26.03,20.04,32.01,169.18,65.71,16.0,13.58,18.93
KARUR,2002,Whole Year,30.4,22.5,38.3,393.43,56.0,21.89,10.89,14.3
KARUR,2002,Summer,33.02,24.86,41.18,37.31,42.35,26.15,8.33,8.57
KARUR,2003,Kharif,30.4,22.47,38.33,168.34,61.68,18.43,16.22,16.48
KARUR,2003,Rabi,26.75,20.77,32.74,200.34,61.91,17.55,13.48,18.11
KARUR,2003,Whole Year,30.4,22.5,38.3,445.91,56.0,21.97,11.71,14.3
KARUR,2003,Summer,33.67,25.31,42.03,31.99,31.42,26.04,11.73,5.72
KARUR,2004,Kharif,29.42,23.33,35.51,254.88,68.85,21.57,14.99,22.73
KARUR,2004,Rabi,26.13,19.91,32.34,410.32,77.12,18.79,8.62,29.98
KARUR,2004,Whole Year,29.5,22.5,36.5,654.77,64.0,20.69,13.71,22.0
KARUR,2004,Summer,30.63,24.76,36.51,51.79,40.58,23.85,11.24,14.04
KARUR,2005,Kharif,28.12,22.19,34.05,287.4,64.03,20.67,10.15,20.83
KARUR,2005,Rabi,25.44,19.08,31.81,283.85,74.08,17.79,11.62,26.42
KARUR,2005,Whole Year,29.5,22.5,36.5,770.1,64.0,19.5,11.19,22.0
KARUR,2005,Summer,31.99,24.5,39.48,79.92,47.34,22.59,7.24,11.95
KARUR,2006,Kharif,28.58,23.12,34.03,303.64,62.75,19.08,14.98,27.02
KARUR,2006,Rabi,25.97,21.39,30.55,367.56,70.19,16.18,13.94,29.4
KARUR,2006,Whole Year,29.5,22.5,36.5,779.36,64.0,19.08,10.33,22.0
KARUR,2006,Summer,32.56,24.86,40.26,63.48,51.22,24.1,7.99,14.9
KARUR,2007,Kharif,28.72,22.89,34.56,360.23,72.56,20.52,15.49,21.51
KARUR,2007,Rabi,26.36,21.08,31.65,446.74,74.97,16.84,11.98,29.15
KARUR,2007,Whole Year,29.5,22.5,36.5,802.75,64.0,20.11,13.68,22.0
KARUR,2007,Summer,32.34,25.97,38.7,80.01,43.56,25.17,7.78,12.64
KARUR,2008,Kharif,27.96,22.07,33.85,258.14,64.83,19.8,15.02,20.76
KARUR,2008,Rabi,25.84,20.48,31.2,397.83,71.42,17.21,12.44,28.1
KARUR,2008,Whole Year,29.5,22.5,36.5,816.27,64.0,21.87,13.27,22.0
KARUR,2008,Summer,30.11,24.12,36.11,60.75,49.98,25.64,11.1,9.12
KARUR,2009,Kharif,29.61,22.81,36.4,303.11,65.38,18.38,15.84,19.36
KARUR,2009,Rabi,26.48,20.21,32.75,343.31,76.7,18.2,8.06,30.05
KARUR,2009,Whole Year,29.5,22.5,36.5,630.37,64.0,19.85,13.35,22.0
KARUR,2009,Summer,31.43,24.63,38.23,23.35,48.21,26.35,7.52,14.38
KARUR,2010,Kharif,29.48,23.35,35.62,403.95,68.88,18.27,11.19,29.6
KARUR,2010,Rabi,25.97,19.15,32.78,350.18,82.75,15.94,13.46,35.84
KARUR,2010,Whole Year,29.5,22.5,36.5,1108.7,69.0,20.33,12.66,27.5
KARUR,2010,Summer,31.75,24.53,38.98,110.03,55.35,26.44,11.06,16.08
KARUR,2011,Kharif,28.94,23.85,34.04,451.07,74.92,22.81,13.17,33.21
KARUR,2011,Rabi,26.16,19.41,32.9,400.18,78.95,15.32,11.55,35.56
KARUR,2011,Whole Year,29.5,22.5,36.5,837.91,69.0,19.51,12.2,27.5
KARUR,2011,Summer,31.89,25.21,38.56,64.8,51.33,22.88,9.89,11.57
KARUR,2012,Kharif,29.81,23.77,35.85,327.99,62.99,18.92,10.43,22.39
KARUR,2012,Rabi,26.59,20.47,32.7,242.52,73.06,16.68,13.32,23.73
KARUR,2012,Whole Year,29.5,22.5,36.5,595.06,64.0,20.14,12.06,22.0
KARUR,2012,Summer,30.95,24.28,37.61,34.65,49.11,22.53,11.89,12.37
KARUR,2013,Kharif,28.95,23.46,34.45,351.24,69.11,20.77,15.8,25.35
KARUR,2013,Rabi,25.95,21.42,30.48,475.78,70.86,16.86,13.9,25.67
KARUR,2013,Whole Year,29.5,22.5,36.5,724.28,64.0,21.4,10.7,22.0
KARUR,2013,Summer,31.57,25.14,37.99,37.14,46.92,25.36,11.34,11.9
KRISHNAGIRI,1997,Kharif,31.0,24.36,37.65,331.77,76.63,21.74,10.4,23.03
KRISHNAGIRI,1997,Rabi,27.44,21.28,33.6,492.74,82.43,17.94,10.97,30.61
KRISHNAGIRI,1997,Whole Year,30.5,23.5,37.5,762.23,70.0,21.78,12.37,25.0
KRISHNAGIRI,1997,Summer,32.58,26.69,38.46,22.49,56.04,23.42,10.42,13.57
KRISHNAGIRI,1998,Kharif,28.83,23.31,34.35,413.71,78.12,20.11,12.31,25.71
KRISHNAGIRI,1998,Rabi,27.2,20.63,33.76,329.39,80.29,17.56,8.1,26.81
KRISHNAGIRI,1998,Whole Year,30.5,23.5,37.5,759.02,70.0,19.87,10.03,25.0
KRISHNAGIRI,1998,Summer,33.48,26.03,40.93,96.46,55.44,22.23,7.02,16.33
KRISHNAGIRI,1999,Kharif,28.82,23.24,34.4,259.85,77.0,21.2,14.45,26.58
KRISHNAGIRI,1999,Rabi,26.28,20.68,31.88,429.4,75.78,17.26,13.76,27.84
KRISHNAGIRI,1999,Whole Year,30.5,23.5,37.5,1077.96,70.0,21.19,10.17,25.0
KRISHNAGIRI,1999,Summer,32.44,25.67,39.2,32.88,58.61,22.08,10.99,16.64
KRISHNAGIRI,2000,Kharif,30.06,24.03,36.08,410.3,75.51,19.62,11.27,25.55
KRISHNAGIRI,2000,Rabi,27.16,20.91,33.41,336.68,80.88,15.22,12.95,31.67
KRISHNAGIRI,2000,Whole Year,30.5,23.5,37.5,992.36,70.0,21.29,11.48,25.0
KRISHNAGIRI,2000,Summer,34.06,26.4,41.71,90.74,57.98,26.06,8.11,12.3
KRISHNAGIRI,2001,Kharif,31.22,24.57,37.86,323.72,79.57,21.19,11.41,26.79
KRISHNAGIRI,2001,Rabi,26.52,20.35,32.69,350.11,77.87,15.9,8.76,28.27
KRISHNAGIRI,2001,Whole Year,30.5,23.5,37.5,979.27,70.0,20.15,11.22,25.0
KRISHNAGIRI,2001,Summer,34.66,26.36,42.97,73.85,47.49,23.99,7.84,16.35
KRISHNAGIRI,2002,Kharif,30.3,23.47,37.12,234.9,58.4,18.13,16.53,19.94
KRISHNAGIRI,2002,Rabi,28.28,21.97,34.59,318.51,74.46,16.92,11.68,20.52
KRISHNAGIRI,2002,Whole Year,31.4,23.5,39.3,464.4,62.0,20.94,11.55,16.25
KRISHNAGIRI,2002,Summer,33.31,26.24,40.37,47.05,49.5,25.65,7.86,10.26
KRISHNAGIRI,2003,Kharif,31.46,23.37,39.56,215.94,57.96,21.39,12.26,14.42
KRISHNAGIRI,2003,Rabi,26.83,20.43,33.22,279.39,74.89,15.8,13.38,18.41
KRISHNAGIRI,2003,Whole Year,31.4,23.5,39.3,529.13,62.0,19.39,12.22,16.25
KRISHNAGIRI,2003,Summer,35.33,26.01,44.64,50.25,40.62,22.9,10.56,9.22
KRISHNAGIRI,2004,Kharif,30.66,24.19,37.13,473.66,66.42,21.94,17.36,24.4
KRISHNAGIRI,2004,Rabi,27.65,21.91,33.38,603.91,84.39,15.22,13.23,30.86
KRISHNAGIRI,2004,Whole Year,30.5,23.5,37.5,890.97,70.0,21.54,13.0,25.0
KRISHNAGIRI,2004,Summer,32.72,25.98,39.46,63.81,55.22,25.06,11.46,11.88
KRISHNAGIRI,2005,Kharif,29.4,23.35,35.44,286.71,65.61,20.4,14.55,21.31
KRISHNAGIRI,2005,Rabi,26.8,21.04,32.56,617.44,76.05,17.82,9.3,27.06
KRISHNAGIRI,2005,Whole Year,30.5,23.5,37.5,742.89,70.0,19.02,9.93,25.0
KRISHNAGIRI,2005,Summer,31.83,26.65,37.0,85.42,52.44,23.78,7.52,12.5
KRISHNAGIRI,2006,Kharif,31.03,24.06,37.99,370.34,65.29,19.04,12.84,25.81
KRISHNAGIRI,2006,Rabi,26.87,20.98,32.77,466.54,83.38,15.78,8.47,33.38
KRISHNAGIRI,2006,Whole Year,30.5,23.5,37.5,906.08,70.0,20.66,13.19,25.0
KRISHNAGIRI,2006,Summer,32.71,25.11,40.31,93.82,51.83,22.15,11.78,16.13
KRISHNAGIRI,2007,Kharif,29.63,23.49,35.77,465.71,72.35,21.6,10.8,23.44
KRISHNAGIRI,2007,Rabi,27.24,21.73,32.74,558.13,77.41,18.1,13.34,33.18
KRISHNAGIRI,2007,Whole Year,30.5,23.5,37.5,965.05,70.0,21.43,13.39,25.0
KRISHNAGIRI,2007,Summer,33.88,25.89,41.86,59.27,52.16,22.24,11.42,11.05
KRISHNAGIRI,2008,Kharif,29.86,24.45,35.27,283.19,78.83,22.85,16.92,24.71
KRISHNAGIRI,2008,Rabi,27.19,22.83,31.55,547.79,77.86,18.57,13.01,27.37
KRISHNAGIRI,2008,Whole Year,30.5,23.5,37.5,991.19,70.0,20.33,10.07,25.0
KRISHNAGIRI,2008,Summer,33.92,25.82,42.02,103.93,59.12,23.88,10.02,12.53
KRISHNAGIRI,2009,Kharif,30.73,24.36,37.09,430.38,75.93,22.49,13.96,29.13
KRISHNAGIRI,2009,Rabi,28.46,22.97,33.96,593.27,83.41,17.35,11.26,26.5
KRISHNAGIRI,2009,Whole Year,30.5,23.5,37.5,755.86,70.0,19.77,9.75,25.0
KRISHNAGIRI,2009,Summer,32.44,25.88,39.0,56.34,59.6,24.47,10.28,12.51
KRISHNAGIRI,2010,Kharif,30.78,24.74,36.81,371.9,82.25,20.73,11.9,37.8
KRISHNAGIRI,2010,Rabi,27.69,22.57,32.8,650.01,80.37,17.44,12.17,42.63
KRISHNAGIRI,2010,Whole Year,30.5,23.5,37.5,1295.95,75.0,20.45,13.27,31.25
KRISHNAGIRI,2010,Summer,34.21,26.29,42.13,125.61,55.95,23.55,9.96,20.99
KRISHNAGIRI,2011,Kharif,30.54,23.73,37.36,433.8,74.38,19.28,13.93,31.96
KRISHNAGIRI,2011,Rabi,25.89,20.44,31.34,624.5,84.03,18.75,12.73,36.67
KRISHNAGIRI,2011,Whole Year,30.5,23.5,37.5,1263.27,75.0,21.24,9.36,31.25
KRISHNAGIRI,2011,Summer,31.74,25.65,37.84,50.4,58.08,26.41,11.76,20.96
KRISHNAGIRI,2012,Kharif,31.17,24.93,37.41,428.98,72.48,19.63,16.04,22.32
KRISHNAGIRI,2012,Rabi,27.03,21.05,33.02,480.28,83.78,16.32,10.87,32.59
KRISHNAGIRI,2012,Whole Year,30.5,23.5,37.5,999.74,70.0,20.69,10.36,25.0
KRISHNAGIRI,2012,Summer,33.93,26.41,41.45,22.59,50.21,23.12,10.36,11.4
KRISHNAGIRI,2013,Kharif,30.63,24.25,37.02,424.35,68.15,19.88,14.02,27.12
KRISHNAGIRI,2013,Rabi,25.92,20.77,31.07,344.77,76.58,15.76,8.18,34.2
KRISHNAGIRI,2013,Whole Year,30.5,23.5,37.5,795.69,70.0,19.22,11.36,25.0
KRISHNAGIRI,2013,Summer,33.95,25.12,42.79,81.82,57.32,22.02,8.68,10.94
MADURAI,1997,Kharif,30.68,23.49,37.88,276.09,70.95,22.51,15.83,29.95
MADURAI,1997,Rabi,26.23,20.23,32.24,523.54,82.09,17.52,9.95,33.32
MADURAI,1997,Whole Year,30.5,23.5,37.5,1018.95,70.0,20.34,11.1,25.0
MADURAI,1997,Summer,34.52,26.98,42.06,47.16,52.94,23.85,10.39,12.93
MADURAI,1998,Kharif,31.06,24.64,37.47,298.13,65.43,18.98,13.64,25.48
MADURAI,1998,Rabi,26.1,20.61,31.58,548.88,75.96,16.89,13.19,29.13
MADURAI,1998,Whole Year,30.5,23.5,37.5,1090.49,70.0,20.89,12.78,25.0
MADURAI,1998,Summer,32.78,25.98,39.58,29.56,58.2,24.57,10.07,17.39
MADURAI,1999,Kharif,30.33,23.28,37.38,320.88,71.18,18.51,14.65,21.95
MADURAI,1999,Rabi,27.18,21.66,32.7,379.66,82.75,17.7,8.89,34.84
MADURAI,1999,Whole Year,30.5,23.5,37.5,935.47,70.0,19.08,10.75,25.0
MADURAI,1999,Summer,33.73,25.04,42.41,35.43,47.17,24.78,7.11,15.68
MADURAI,2000,Kharif,29.88,24.17,35.58,342.12,73.95,21.57,15.18,23.67
MADURAI,2000,Rabi,26.14,20.88,31.41,609.38,79.74,15.37,11.46,30.77
MADURAI,2000,Whole Year,30.5,23.5,37.5,750.28,70.0,19.03,13.98,25.0
MADURAI,2000,Summer,32.35,26.22,38.47,70.46,59.87,22.06,7.56,16.02
MADURAI,2001,Kharif,30.26,24.5,36.01,306.98,73.17,20.54,13.21,25.58
MADURAI,2001,Rabi,27.28,21.04,33.53,407.86,80.32,18.42,9.01,34.8
MADURAI,2001,Whole Year,30.5,23.5,37.5,1012.23,70.0,20.1,10.88,25.0
MADURAI,2001,Summer,32.6,26.59,38.61,73.93,59.94,22.1,11.93,11.77
MADURAI,2002,Kharif,30.8,23.34,38.25,213.64,67.98,18.25,16.05,19.38
MADURAI,2002,Rabi,27.93,22.16,33.7,204.58,75.56,18.23,10.55,18.71
MADURAI,2002,Whole Year,31.4,23.5,39.3,536.0,62.0,20.26,11.15,16.25
MADURAI,2002,Summer,32.79,26.71,38.88,53.65,46.84,24.21,8.54,8.36
MADURAI,2003,Kharif,31.07,24.85,37.28,215.91,69.49,19.61,10.71,18.75
MADURAI,2003,Rabi,28.71,21.87,35.55,363.35,75.72,15.91,9.52,21.41
MADURAI,2003,Whole Year,31.4,23.5,39.3,540.1,62.0,19.89,10.47,16.25
MADURAI,2003,Summer,35.01,25.85,44.17,46.05,42.7,25.36,10.8,10.93
MADURAI,2004,Kharif,31.31,24.68,37.94,330.21,69.22,20.55,12.11,23.58
MADURAI,2004,Rabi,25.71,20.1,31.31,615.13,81.22,18.83,13.38,31.48
MADURAI,2004,Whole Year,30.5,23.5,37.5,953.06,70.0,21.98,11.58,25.0
MADURAI,2004,Summer,34.8,26.64,42.96,50.65,58.69,25.23,9.23,12.91
MADURAI,2005,Kharif,28.97,23.74,34.21,411.77,72.55,20.45,17.2,29.56
MADURAI,2005,Rabi,27.07,21.41,32.74,558.57,79.11,17.68,11.24,30.0
MADURAI,2005,Whole Year,30.5,23.5,37.5,1098.38,70.0,19.05,11.07,25.0
MADURAI,2005,Summer,33.85,25.14,42.57,88.12,51.12,25.11,8.26,13.66
MADURAI,2006,Kharif,29.09,23.93,34.25,448.86,71.85,22.49,13.12,25.34
MADURAI,2006,Rabi,27.6,22.27,32.93,478.67,84.13,16.72,11.89,32.08
MADURAI,2006,Whole Year,30.5,23.5,37.5,853.71,70.0,21.64,10.9,25.0
MADURAI,2006,Summer,33.21,25.73,40.7,59.3,57.25,24.67,8.88,12.84
MADURAI,2007,Kharif,30.36,24.01,36.71,418.7,71.41,18.6,16.33,27.94
MADURAI,2007,Rabi,26.27,20.6,31.95,590.15,77.63,16.16,11.22,34.97
MADURAI,2007,Whole Year,30.5,23.5,37.5,810.39,70.0,21.52,9.01,25.0
MADURAI,2007,Summer,32.8,26.52,39.08,79.37,58.29,22.58,7.73,14.97
MADURAI,2008,Kharif,30.18,24.77,35.59,292.19,70.73,21.57,12.22,27.43
MADURAI,2008,Rabi,27.73,22.25,33.21,549.33,78.1,15.1,8.77,29.91
MADURAI,2008,Whole Year,30.5,23.5,37.5,876.6,70.0,20.04,11.9,25.0
MADURAI,2008,Summer,33.21,26.68,39.74,40.04,45.28,22.22,7.08,14.23
MADURAI,2009,Kharif,31.06,24.87,37.24,438.57,71.48,22.19,15.92,22.6
MADURAI,2009,Rabi,27.02,20.42,33.62,408.88,82.75,18.59,12.47,25.94
MADURAI,2009,Whole Year,30.5,23.5,37.5,770.83,70.0,21.95,11.71,25.0
MADURAI,2009,Summer,34.09,25.71,42.47,22.74,53.6,24.55,7.01,14.68
MADURAI,2010,Kharif,28.76,23.3,34.22,565.72,84.66,22.6,14.3,37.32
MADURAI,2010,Rabi,27.07,20.69,33.45,561.81,84.76,15.96,8.31,38.72
MADURAI,2010,Whole Year,30.5,23.5,37.5,1104.9,75.0,20.51,13.81,31.25
MADURAI,2010,Summer,34.56,26.87,42.24,38.67,55.2,23.54,7.5,19.6
MADURAI,2011,Kharif,30.08,23.6,36.56,611.84,70.36,20.17,14.5,31.03
MADURAI,2011,Rabi,27.34,20.99,33.7,681.94,85.69,17.95,8.66,39.12
MADURAI,2011,Whole Year,30.5,23.5,37.5,1151.63,75.0,19.96,11.54,31.25
MADURAI,2011,Summer,32.43,25.39,39.48,109.36,56.17,26.12,9.22,20.19
MADURAI,2012,Kharif,29.59,23.32,35.86,365.48,70.0,20.48,11.99,29.83
MADURAI,2012,Rabi,27.01,22.25,31.77,585.99,80.32,15.42,10.07,32.05
MADURAI,2012,Whole Year,30.5,23.5,37.5,885.34,70.0,20.27,11.49,25.0
MADURAI,2012,Summer,33.05,26.55,39.54,41.1,54.74,24.4,10.47,14.75
MADURAI,2013,Kharif,30.12,23.85,36.38,370.41,74.22,19.88,17.2,27.16
MADURAI,2013,Rabi,26.2,20.19,32.21,431.07,84.65,17.92,11.11,32.19
MADURAI,2013,Whole Year,30.5,23.5,37.5,881.99,70.0,21.28,10.05,25.0
MADURAI,2013,Summer,32.43,25.1,39.77,30.29,47.32,26.02,10.65,14.72
NAGAPATTINAM,1997,Kharif,30.32,23.64,36.99,493.44,77.07,21.64,17.99,28.08
NAGAPATTINAM,1997,Rabi,26.64,21.34,31.95,576.86,83.23,18.47,10.16,32.99
NAGAPATTINAM,1997,Whole Year,31.0,24.0,38.0,1251.73,75.0,19.65,11.82,28.0
NAGAPATTINAM,1997,Summer,32.58,25.77,39.39,26.74,51.55,24.79,8.15,13.52
NAGAPATTINAM,1998,Kharif,30.48,23.9,37.07,478.62,78.66,21.95,16.57,28.13
NAGAPATTINAM,1998,Rabi,26.91,20.8,33.02,409.31,82.18,17.94,10.26,30.94
NAGAPATTINAM,1998,Whole Year,31.0,24.0,38.0,1094.0,75.0,21.35,9.55,28.0
NAGAPATTINAM,1998,Summer,34.37,26.6,42.13,116.29,64.8,24.95,9.99,15.55
NAGAPATTINAM,1999,Kharif,31.32,25.18,37.47,392.98,73.52,22.25,12.46,26.02
NAGAPATTINAM,1999,Rabi,27.3,22.56,32.04,627.02,81.82,17.87,8.98,30.53
NAGAPATTINAM,1999,Whole Year,31.0,24.0,38.0,983.86,75.0,21.85,13.57,28.0
NAGAPATTINAM,1999,Summer,33.42,27.33,39.51,60.11,61.83,23.96,10.74,12.03
NAGAPATTINAM,2000,Kharif,29.85,24.16,35.54,455.89,80.23,21.64,16.89,33.88
NAGAPATTINAM,2000,Rabi,27.08,21.22,32.94,368.39,89.37,17.41,11.21,30.68
NAGAPATTINAM,2000,Whole Year,31.0,24.0,38.0,1127.38,75.0,21.98,10.65,28.0
NAGAPATTINAM,2000,Summer,32.57,25.9,39.25,74.36,61.8,24.31,9.3,11.53
NAGAPATTINAM,2001,Kharif,29.74,24.74,34.75,407.56,84.7,19.46,14.13,25.26
NAGAPATTINAM,2001,Rabi,27.8,23.04,32.57,525.58,87.01,16.83,8.15,31.03
NAGAPATTINAM,2001,Whole Year,31.0,24.0,38.0,850.4,75.0,21.75,9.15,28.0
NAGAPATTINAM,2001,Summer,33.35,27.4,39.29,88.94,59.63,22.28,11.18,17.08
NAGAPATTINAM,2002,Kharif,31.86,24.71,39.01,217.92,69.92,22.4,10.86,21.64
NAGAPATTINAM,2002,Rabi,28.64,21.13,36.15,320.44,74.75,16.41,11.84,19.22
NAGAPATTINAM,2002,Whole Year,31.9,24.0,39.8,592.62,67.0,21.18,11.87,18.2
NAGAPATTINAM,2002,Summer,34.83,27.37,42.28,46.82,46.49,22.05,9.14,12.12
NAGAPATTINAM,2003,Kharif,32.22,25.45,38.99,210.15,67.81,22.42,12.9,19.44
NAGAPATTINAM,2003,Rabi,28.75,23.23,34.27,241.66,77.62,16.84,9.59,25.48
NAGAPATTINAM,2003,Whole Year,31.9,24.0,39.8,542.63,67.0,21.48,9.18,18.2
NAGAPATTINAM,2003,Summer,33.98,25.81,42.16,65.21,45.79,24.58,8.86,10.91
NAGAPATTINAM,2004,Kharif,30.17,23.83,36.51,398.55,72.14,22.48,12.14,25.18
NAGAPATTINAM,2004,Rabi,28.53,23.3,33.75,590.94,81.2,17.12,8.92,32.3
NAGAPATTINAM,2004,Whole Year,31.0,24.0,38.0,1168.8,75.0,19.68,9.14,28.0
NAGAPATTINAM,2004,Summer,33.51,27.11,39.9,49.56,54.17,25.55,8.2,13.46
NAGAPATTINAM,2005,Kharif,30.94,24.38,37.51,535.76,74.51,22.56,11.45,24.26
NAGAPATTINAM,2005,Rabi,27.03,21.12,32.94,379.91,80.71,15.05,9.84,36.24
NAGAPATTINAM,2005,Whole Year,31.0,24.0,38.0,1119.43,75.0,22.0,11.97,28.0
NAGAPATTINAM,2005,Summer,35.33,27.28,43.37,95.05,59.39,23.11,8.11,19.23
NAGAPATTINAM,2006,Kharif,30.55,24.66,36.45,504.87,84.46,18.02,17.92,24.65
NAGAPATTINAM,2006,Rabi,27.67,20.99,34.35,550.76,85.52,17.68,10.12,29.86
NAGAPATTINAM,2006,Whole Year,31.0,24.0,38.0,867.89,75.0,21.64,11.74,28.0
NAGAPATTINAM,2006,Summer,32.8,26.11,39.49,106.55,59.75,22.13,8.68,18.34
NAGAPATTINAM,2007,Kharif,30.99,23.75,38.24,419.87,84.35,20.5,11.23,29.42
NAGAPATTINAM,2007,Rabi,27.38,20.89,33.86,505.93,82.13,17.32,13.59,29.99
NAGAPATTINAM,2007,Whole Year,31.0,24.0,38.0,1187.36,75.0,19.44,13.6,28.0
NAGAPATTINAM,2007,Summer,32.13,26.11,38.16,45.6,51.1,24.28,9.27,11.69
NAGAPATTINAM,2008,Kharif,31.3,25.33,37.27,489.79,83.01,20.51,12.63,30.81
NAGAPATTINAM,2008,Rabi,26.62,21.64,31.6,684.01,86.43,15.03,13.76,38.67
NAGAPATTINAM,2008,Whole Year,31.0,24.0,38.0,1237.29,75.0,21.67,9.92,28.0
NAGAPATTINAM,2008,Summer,33.81,25.55,42.07,89.79,50.86,23.71,11.66,16.29
NAGAPATTINAM,2009,Kharif,30.71,24.34,37.08,484.05,76.67,22.9,10.71,34.03
NAGAPATTINAM,2009,Rabi,27.88,21.53,34.23,482.9,88.29,17.46,12.99,31.64
NAGAPATTINAM,2009,Whole Year,31.0,24.0,38.0,1225.27,75.0,21.77,11.37,28.0
NAGAPATTINAM,2009,Summer,33.83,26.7,40.95,45.38,57.56,26.04,8.83,17.38
NAGAPATTINAM,2010,Kharif,29.9,24.25,35.55,556.41,87.79,20.77,15.57,40.61
NAGAPATTINAM,2010,Rabi,27.5,23.35,31.65,511.37,86.63,18.25,10.61,37.59
NAGAPATTINAM,2010,Whole Year,31.0,24.0,38.0,1382.36,80.0,21.29,9.7,35.0
NAGAPATTINAM,2010,Summer,32.74,26.81,38.67,117.46,67.95,25.51,8.04,14.62
NAGAPATTINAM,2011,Kharif,29.76,23.68,35.83,546.9,76.51,20.4,11.78,41.52
NAGAPATTINAM,2011,Rabi,27.42,21.36,33.49,816.96,87.94,16.81,8.52,35.95
NAGAPATTINAM,2011,Whole Year,31.0,24.0,38.0,1271.68,80.0,21.47,11.99,35.0
NAGAPATTINAM,2011,Summer,34.98,26.65,43.3,90.7,62.97,26.47,7.66,16.68
NAGAPATTINAM,2012,Kharif,30.69,24.59,36.79,331.32,74.93,19.1,16.8,33.15
NAGAPATTINAM,2012,Rabi,27.79,22.78,32.8,582.7,80.48,18.53,11.07,30.54
NAGAPATTINAM,2012,Whole Year,31.0,24.0,38.0,1006.64,75.0,21.71,9.12,28.0
NAGAPATTINAM,2012,Summer,32.94,27.21,38.66,31.26,61.62,25.68,9.64,16.29
NAGAPATTINAM,2013,Kharif,30.4,25.19,35.61,525.21,73.16,22.53,15.31,29.43
NAGAPATTINAM,2013,Rabi,28.25,22.98,33.52,665.52,81.6,15.02,12.44,34.73
NAGAPATTINAM,2013,Whole Year,31.0,24.0,38.0,1051.3,75.0,20.37,11.49,28.0
NAGAPATTINAM,2013,Summer,32.37,26.75,37.99,103.39,57.98,25.71,11.91,12.64
NAMAKKAL,1997,Kharif,30.66,23.41,37.91,417.56,68.69,22.48,16.35,25.74
NAMAKKAL,1997,Rabi,27.22,21.28,33.17,347.61,84.27,18.95,9.98,32.15
NAMAKKAL,1997,Whole Year,30.5,23.5,37.5,891.04,70.0,19.08,13.79,25.0
NAMAKKAL,1997,Summer,32.08,26.72,37.45,96.02,59.49,25.1,11.65,13.05
NAMAKKAL,1998,Kharif,29.87,24.86,34.87,466.99,71.98,20.71,11.25,30.43
NAMAKKAL,1998,Rabi,27.02,21.45,32.59,487.19,82.67,15.81,13.65,26.75
NAMAKKAL,1998,Whole Year,30.5,23.5,37.5,808.65,70.0,19.04,9.1,25.0
NAMAKKAL,1998,Summer,32.12,26.14,38.1,40.8,45.18,26.18,8.61,12.57
NAMAKKAL,1999,Kharif,30.97,24.42,37.53,279.3,73.76,18.93,16.07,27.56
NAMAKKAL,1999,Rabi,26.57,21.84,31.29,546.34,75.77,16.09,9.52,30.79
NAMAKKAL,1999,Whole Year,30.5,23.5,37.5,925.05,70.0,19.84,11.15,25.0
NAMAKKAL,1999,Summer,33.28,26.13,40.44,101.41,57.87,24.51,7.09,15.24
NAMAKKAL,2000,Kharif,30.25,23.72,36.78,362.47,67.8,20.24,10.19,25.06
NAMAKKAL,2000,Rabi,26.25,20.48,32.02,492.04,77.61,15.54,11.13,25.36
NAMAKKAL,2000,Whole Year,30.5,23.5,37.5,1068.85,70.0,21.33,13.99,25.0
NAMAKKAL,2000,Summer,33.19,25.01,41.37,90.68,52.08,22.98,11.04,12.02
NAMAKKAL,2001,Kharif,30.31,23.7,36.92,382.2,74.94,19.46,16.08,30.69
NAMAKKAL,2001,Rabi,26.46,21.55,31.36,500.69,78.41,16.68,8.91,31.26
NAMAKKAL,2001,Whole Year,30.5,23.5,37.5,1025.71,70.0,21.3,13.97,25.0
NAMAKKAL,2001,Summer,34.53,26.58,42.48,86.78,49.39,25.08,9.69,12.84
NAMAKKAL,2002,Kharif,29.76,23.11,36.4,177.87,57.25,21.7,17.15,15.02
NAMAKKAL,2002,Rabi,28.21,22.9,33.53,349.37,67.16,15.4,8.15,22.38
NAMAKKAL,2002,Whole Year,31.4,23.5,39.3,471.52,62.0,21.7,11.37,16.25
NAMAKKAL,2002,Summer,33.78,26.21,41.36,35.43,46.87,25.65,9.54,11.33
NAMAKKAL,2003,Kharif,31.52,23.96,39.07,253.27,63.02,21.94,11.24,15.13
NAMAKKAL,2003,Rabi,28.04,21.14,34.93,304.88,72.09,15.55,10.24,20.18
NAMAKKAL,2003,Whole Year,31.4,23.5,39.3,491.52,62.0,20.91,10.17,16.25
NAMAKKAL,2003,Summer,33.78,26.8,40.75,27.7,39.84,24.18,7.32,10.48
NAMAKKAL,2004,Kharif,30.37,24.46,36.27,377.17,79.57,19.27,11.16,23.83
NAMAKKAL,2004,Rabi,26.46,21.27,31.65,414.37,81.58,15.47,13.67,30.32
NAMAKKAL,2004,Whole Year,30.5,23.5,37.5,913.96,70.0,20.09,10.23,25.0
NAMAKKAL,2004,Summer,32.98,26.03,39.92,27.04,47.29,25.69,9.24,12.53
NAMAKKAL,2005,Kharif,29.44,24.0,34.89,257.79,70.31,18.09,10.33,21.54
NAMAKKAL,2005,Rabi,25.9,20.36,31.43,387.74,79.9,17.12,8.73,34.1
NAMAKKAL,2005,Whole Year,30.5,23.5,37.5,821.04,70.0,21.83,10.28,25.0
NAMAKKAL,2005,Summer,34.91,26.99,42.83,64.8,46.82,25.3,7.9,16.34
NAMAKKAL,2006,Kharif,30.46,24.9,36.03,313.71,70.42,21.79,15.47,25.65
NAMAKKAL,2006,Rabi,26.99,22.86,31.12,526.19,84.49,18.39,8.73,26.21
NAMAKKAL,2006,Whole Year,30.5,23.5,37.5,960.67,70.0,20.97,12.08,25.0
NAMAKKAL,2006,Summer,31.81,25.23,38.39,37.3,46.29,25.25,10.56,12.52
NAMAKKAL,2007,Kharif,30.33,23.74,36.91,390.14,76.04,20.95,17.86,26.17
NAMAKKAL,2007,Rabi,27.23,22.96,31.49,607.16,79.7,15.48,8.93,25.29
NAMAKKAL,2007,Whole Year,30.5,23.5,37.5,819.29,70.0,21.96,10.64,25.0
NAMAKKAL,2007,Summer,33.75,26.5,41.01,81.63,45.48,25.28,7.55,17.39
NAMAKKAL,2008,Kharif,29.27,23.5,35.04,315.27,79.4,18.96,11.82,24.84
NAMAKKAL,2008,Rabi,26.63,20.96,32.29,405.34,77.68,15.5,11.28,27.73
NAMAKKAL,2008,Whole Year,30.5,23.5,37.5,857.99,70.0,19.02,11.66,25.0
NAMAKKAL,2008,Summer,34.09,25.61,42.57,39.49,46.21,23.63,11.01,16.73
NAMAKKAL,2009,Kharif,29.19,23.08,35.3,315.11,71.59,20.77,15.53,28.17
NAMAKKAL,2009,Rabi,27.74,22.65,32.84,361.01,82.11,18.91,12.63,31.95
NAMAKKAL,2009,Whole Year,30.5,23.5,37.5,764.51,70.0,19.55,10.78,25.0
NAMAKKAL,2009,Summer,32.06,25.13,38.99,93.95,58.44,24.98,10.9,14.07
NAMAKKAL,2010,Kharif,30.18,23.47,36.89,471.79,82.98,19.71,13.4,33.31
NAMAKKAL,2010,Rabi,27.58,22.61,32.55,532.1,82.57,17.31,9.98,41.94
NAMAKKAL,2010,Whole Year,30.5,23.5,37.5,1152.93,75.0,20.24,13.91,31.25
NAMAKKAL,2010,Summer,32.05,26.32,37.79,129.35,51.25,23.02,11.41,17.14
NAMAKKAL,2011,Kharif,30.55,24.91,36.2,578.51,75.95,20.76,11.12,37.09
NAMAKKAL,2011,Rabi,26.98,22.68,31.28,777.01,88.73,17.3,8.64,38.07
NAMAKKAL,2011,Whole Year,30.5,23.5,37.5,1397.19,75.0,20.84,9.99,31.25
NAMAKKAL,2011,Summer,33.69,25.19,42.19,91.46,52.22,22.25,9.31,14.17
NAMAKKAL,2012,Kharif,30.6,23.32,37.88,463.1,72.55,20.55,17.27,28.47
NAMAKKAL,2012,Rabi,27.08,22.78,31.39,603.32,78.66,15.75,12.41,33.8
NAMAKKAL,2012,Whole Year,30.5,23.5,37.5,812.01,70.0,19.75,13.5,25.0
NAMAKKAL,2012,Summer,34.71,26.97,42.45,25.55,58.57,25.88,8.24,11.69
NAMAKKAL,2013,Kharif,29.74,23.31,36.17,335.02,75.71,22.05,16.9,22.44
NAMAKKAL,2013,Rabi,27.14,21.25,33.03,345.12,81.1,15.13,10.05,26.72
NAMAKKAL,2013,Whole Year,30.5,23.5,37.5,942.52,70.0,19.57,12.95,25.0
NAMAKKAL,2013,Summer,34.15,26.76,41.55,30.82,53.36,25.14,7.81,15.64
PERAMBALUR,1997,Kharif,29.29,23.09,35.49,257.64,72.15,22.51,15.32,28.28
PERAMBALUR,1997,Rabi,27.17,20.62,33.72,347.7,80.9,18.56,12.66,27.49
PERAMBALUR,1997,Whole Year,30.5,23.5,37.5,1057.86,70.0,19.88,11.05,25.0
PERAMBALUR,1997,Summer,34.47,26.63,42.31,30.3,45.09,23.48,10.55,10.97
PERAMBALUR,1998,Kharif,29.09,24.02,34.16,451.55,71.7,21.71,17.16,21.94
PERAMBALUR,1998,Rabi,26.52,21.47,31.57,330.45,81.22,15.46,10.95,26.97
PERAMBALUR,1998,Whole Year,30.5,23.5,37.5,808.76,70.0,20.57,11.78,25.0
PERAMBALUR,1998,Summer,33.5,26.99,40.0,81.23,49.82,25.82,11.48,14.67
PERAMBALUR,1999,Kharif,29.43,24.04,34.82,285.59,74.14,22.73,12.23,22.24
PERAMBALUR,1999,Rabi,26.36,21.73,31.0,480.24,75.49,18.72,13.22,26.15
PERAMBALUR,1999,Whole Year,30.5,23.5,37.5,790.06,70.0,21.86,13.07,25.0
PERAMBALUR,1999,Summer,32.06,25.12,39.01,31.88,50.77,26.35,7.65,16.14
PERAMBALUR,2000,Kharif,29.37,24.28,34.46,358.96,72.33,18.05,13.8,27.72
PERAMBALUR,2000,Rabi,26.0,20.71,31.3,580.08,76.68,17.63,11.32,33.8
PERAMBALUR,2000,Whole Year,30.5,23.5,37.5,750.22,70.0,19.57,9.61,25.0
PERAMBALUR,2000,Summer,32.69,26.34,39.03,29.91,52.29,22.52,7.37,10.25
PERAMBALUR,2001,Kharif,29.36,23.14,35.59,320.24,72.23,18.79,13.25,23.16
PERAMBALUR,2001,Rabi,27.93,22.09,33.77,355.09,79.74,17.64,13.51,34.23
PERAMBALUR,2001,Whole Year,30.5,23.5,37.5,826.99,70.0,21.83,10.66,25.0
PERAMBALUR,2001,Summer,31.38,25.21,37.56,39.6,58.82,23.35,11.37,11.19
PERAMBALUR,2002,Kharif,30.61,24.55,36.66,190.95,57.28,20.12,17.81,16.73
PERAMBALUR,2002,Rabi,27.54,20.56,34.51,188.23,72.86,18.79,11.32,19.68
PERAMBALUR,2002,Whole Year,31.4,23.5,39.3,589.59,62.0,21.61,11.82,16.25
PERAMBALUR,2002,Summer,32.6,26.19,39.02,19.13,42.27,24.79,8.2,10.0
PERAMBALUR,2003,Kharif,30.73,24.44,37.02,162.69,65.25,19.44,16.55,19.02
PERAMBALUR,2003,Rabi,27.95,22.61,33.28,245.01,72.81,16.37,10.1,17.16
PERAMBALUR,2003,Whole Year,31.4,23.5,39.3,515.7,62.0,20.41,13.92,16.25
PERAMBALUR,2003,Summer,34.44,25.32,43.56,42.91,46.6,25.86,8.74,9.39
PERAMBALUR,2004,Kharif,30.8,24.49,37.11,371.21,78.43,20.84,11.31,31.18
PERAMBALUR,2004,Rabi,26.62,21.49,31.75,410.91,76.21,15.3,10.7,34.52
PERAMBALUR,2004,Whole Year,30.5,23.5,37.5,781.26,70.0,21.71,12.98,25.0
PERAMBALUR,2004,Summer,33.32,25.39,41.26,74.35,58.18,24.59,8.76,10.79
PERAMBALUR,2005,Kharif,29.79,23.39,36.19,422.09,72.19,20.76,15.7,23.72
PERAMBALUR,2005,Rabi,26.36,20.46,32.26,528.13,78.26,17.81,8.26,34.29
PERAMBALUR,2005,Whole Year,30.5,23.5,37.5,1025.58,70.0,20.99,10.62,25.0
PERAMBALUR,2005,Summer,33.46,25.31,41.61,62.1,57.04,22.79,9.44,15.88
PERAMBALUR,2006,Kharif,29.77,23.57,35.97,302.74,68.59,18.29,11.41,21.38
PERAMBALUR,2006,Rabi,26.87,20.98,32.76,614.52,82.63,15.98,12.25,25.12
PERAMBALUR,2006,Whole Year,30.5,23.5,37.5,1098.91,70.0,20.84,9.6,25.0
PERAMBALUR,2006,Summer,34.32,26.0,42.64,97.13,55.52,23.78,11.27,16.75
PERAMBALUR,2007,Kharif,30.48,23.17,37.79,368.12,77.92,19.73,16.7,24.72
PERAMBALUR,2007,Rabi,26.79,21.18,32.41,585.15,75.67,18.8,10.77,29.81
PERAMBALUR,2007,Whole Year,30.5,23.5,37.5,1040.64,70.0,21.0,13.77,25.0
PERAMBALUR,2007,Summer,33.13,25.91,40.35,107.9,46.1,22.94,8.53,14.69
PERAMBALUR,2008,Kharif,29.69,23.12,36.25,419.41,66.41,20.61,11.18,23.86
PERAMBALUR,2008,Rabi,27.0,22.5,31.5,615.68,77.98,17.26,8.12,33.06
PERAMBALUR,2008,Whole Year,30.5,23.5,37.5,986.32,70.0,19.69,9.18,25.0
PERAMBALUR,2008,Summer,33.61,26.45,40.77,23.42,58.87,23.84,7.88,14.74
PERAMBALUR,2009,Kharif,31.31,24.65,37.97,353.83,67.22,18.37,13.36,29.34
PERAMBALUR,2009,Rabi,26.55,21.68,31.42,460.19,78.37,17.01,10.35,31.48
PERAMBALUR,2009,Whole Year,30.5,23.5,37.5,1031.73,70.0,21.66,12.71,25.0
PERAMBALUR,2009,Summer,32.99,26.29,39.69,78.76,56.7,25.16,10.25,14.92
PERAMBALUR,2010,Kharif,30.37,24.33,36.41,391.64,72.85,21.84,13.04,33.37
PERAMBALUR,2010,Rabi,26.91,22.12,31.71,715.25,87.94,18.35,13.13,36.39
PERAMBALUR,2010,Whole Year,30.5,23.5,37.5,1343.81,75.0,20.04,9.26,31.25
PERAMBALUR,2010,Summer,31.91,25.62,38.19,80.54,62.54,23.76,11.42,18.25
PERAMBALUR,2011,Kharif,30.8,24.7,36.9,578.24,72.5,21.72,14.39,34.12
PERAMBALUR,2011,Rabi,25.65,20.18,31.11,658.56,80.81,18.16,13.38,32.33
PERAMBALUR,2011,Whole Year,30.5,23.5,37.5,969.16,75.0,21.87,13.63,31.25
PERAMBALUR,2011,Summer,33.9,25.15,42.64,86.12,50.35,26.02,7.49,20.12
PERAMBALUR,2012,Kharif,29.06,23.58,34.54,420.53,72.27,22.27,16.55,30.67
PERAMBALUR,2012,Rabi,27.95,22.77,33.13,425.68,82.76,17.41,10.97,25.04
PERAMBALUR,2012,Whole Year,30.5,23.5,37.5,959.44,70.0,20.26,10.66,25.0
PERAMBALUR,2012,Summer,33.11,25.02,41.2,69.76,46.97,23.02,10.1,16.46
PERAMBALUR,2013,Kharif,29.85,24.75,34.94,275.85,79.89,20.9,13.92,24.63
PERAMBALUR,2013,Rabi,27.49,21.65,33.33,592.5,76.05,16.2,9.13,29.35
PERAMBALUR,2013,Whole Year,30.5,23.5,37.5,931.22,70.0,21.16,13.38,25.0
PERAMBALUR,2013,Summer,32.92,25.92,39.93,72.93,46.67,24.92,10.94,15.4
PUDUKKOTTAI,1997,Kharif,30.21,23.15,37.27,332.94,77.82,20.34,16.78,30.31
PUDUKKOTTAI,1997,Rabi,27.05,20.94,33.16,352.74,78.24,17.23,8.02,33.47
PUDUKKOTTAI,1997,Whole Year,30.5,23.5,37.5,871.97,70.0,21.17,12.85,25.0
PUDUKKOTTAI,1997,Summer,33.82,25.9,41.74,82.35,54.6,25.67,10.18,11.2
PUDUKKOTTAI,1998,Kharif,30.08,23.45,36.7,320.45,77.63,19.87,14.42,24.68
PUDUKKOTTAI,1998,Rabi,26.79,20.83,32.74,454.5,75.2,17.43,11.73,26.81
PUDUKKOTTAI,1998,Whole Year,30.5,23.5,37.5,858.29,70.0,21.64,11.75,25.0
PUDUKKOTTAI,1998,Summer,34.37,26.13,42.62,93.79,58.54,25.87,7.75,11.31
PUDUKKOTTAI,1999,Kharif,30.39,24.85,35.93,399.95,76.31,18.13,11.42,27.46
PUDUKKOTTAI,1999,Rabi,26.29,21.42,31.15,598.27,82.59,16.44,11.22,28.74
PUDUKKOTTAI,1999,Whole Year,30.5,23.5,37.5,903.55,70.0,20.79,10.99,25.0
PUDUKKOTTAI,1999,Summer,32.77,25.76,39.79,80.13,56.07,22.77,7.07,14.51
PUDUKKOTTAI,2000,Kharif,29.36,23.04,35.68,304.55,65.2,20.56,17.94,31.09
PUDUKKOTTAI,2000,Rabi,28.07,22.7,33.45,362.7,83.09,18.41,8.05,27.37
PUDUKKOTTAI,2000,Whole Year,30.5,23.5,37.5,756.81,70.0,20.5,9.13,25.0
PUDUKKOTTAI,2000,Summer,33.05,25.75,40.35,55.59,53.07,26.46,7.84,15.48
PUDUKKOTTAI,2001,Kharif,30.18,23.71,36.65,333.93,68.25,21.25,17.3,31.01
PUDUKKOTTAI,2001,Rabi,26.92,21.56,32.28,416.99,83.1,16.02,11.08,28.45
PUDUKKOTTAI,2001,Whole Year,30.5,23.5,37.5,1058.26,70.0,19.85,12.43,25.0
PUDUKKOTTAI,2001,Summer,32.4,25.82,38.97,44.58,47.94,24.3,10.06,17.22
PUDUKKOTTAI,2002,Kharif,31.63,24.2,39.06,239.18,65.9,18.27,17.3,15.3
PUDUKKOTTAI,2002,Rabi,28.32,21.58,35.06,282.35,67.04,18.8,8.12,16.83
PUDUKKOTTAI,2002,Whole Year,31.4,23.5,39.3,491.09,62.0,20.8,13.86,16.25
PUDUKKOTTAI,2002,Summer,33.93,25.15,42.71,52.55,41.32,25.09,11.06,8.16
PUDUKKOTTAI,2003,Kharif,30.87,24.56,37.19,161.0,71.51,21.7,11.71,15.48
PUDUKKOTTAI,2003,Rabi,27.56,20.02,35.1,264.42,69.07,15.16,12.02,21.32
PUDUKKOTTAI,2003,Whole Year,31.4,23.5,39.3,465.39,62.0,19.01,10.79,16.25
PUDUKKOTTAI,2003,Summer,35.0,25.67,44.34,59.86,41.67,25.66,8.78,7.69
PUDUKKOTTAI,2004,Kharif,29.74,24.75,34.73,470.22,78.95,18.23,13.76,24.98
PUDUKKOTTAI,2004,Rabi,26.51,21.04,31.99,395.86,83.09,18.79,9.22,27.35
PUDUKKOTTAI,2004,Whole Year,30.5,23.5,37.5,890.23,70.0,21.12,9.84,25.0
PUDUKKOTTAI,2004,Summer,34.05,26.06,42.05,42.75,59.29,26.08,10.94,15.24
PUDUKKOTTAI,2005,Kharif,31.21,24.83,37.6,325.0,68.17,20.44,17.38,31.2
PUDUKKOTTAI,2005,Rabi,27.51,21.16,33.87,449.25,75.3,16.1,9.81,32.83
PUDUKKOTTAI,2005,Whole Year,30.5,23.5,37.5,781.72,70.0,19.52,12.07,25.0
PUDUKKOTTAI,2005,Summer,33.36,26.74,39.97,25.18,49.97,26.09,11.37,10.55
PUDUKKOTTAI,2006,Kharif,29.12,23.82,34.42,269.42,74.16,20.86,10.75,24.85
PUDUKKOTTAI,2006,Rabi,27.04,22.05,32.03,412.12,83.25,16.41,9.98,25.3
PUDUKKOTTAI,2006,Whole Year,30.5,23.5,37.5,1026.87,70.0,20.98,10.71,25.0
PUDUKKOTTAI,2006,Summer,33.93,26.1,41.76,52.48,52.9,22.09,11.59,12.78
PUDUKKOTTAI,2007,Kharif,30.42,24.41,36.44,373.89,71.01,22.61,12.9,31.23
PUDUKKOTTAI,2007,Rabi,27.17,20.63,33.71,396.53,75.7,16.68,9.88,25.61
PUDUKKOTTAI,2007,Whole Year,30.5,23.5,37.5,762.31,70.0,19.52,10.89,25.0
PUDUKKOTTAI,2007,Summer,33.04,25.13,40.95,57.27,48.01,24.56,9.09,11.08
PUDUKKOTTAI,2008,Kharif,29.82,23.15,36.5,354.59,71.57,21.83,11.44,25.43
PUDUKKOTTAI,2008,Rabi,27.03,22.81,31.24,471.81,78.81,17.88,13.92,33.59
PUDUKKOTTAI,2008,Whole Year,30.5,23.5,37.5,898.62,70.0,20.13,11.93,25.0
PUDUKKOTTAI,2008,Summer,34.87,26.82,42.93,108.72,46.16,24.98,9.52,15.3
PUDUKKOTTAI,2009,Kharif,30.89,24.37,37.41,287.32,77.05,22.34,11.36,26.04
PUDUKKOTTAI,2009,Rabi,27.1,20.33,33.88,559.93,84.41,18.75,13.88,29.13
PUDUKKOTTAI,2009,Whole Year,30.5,23.5,37.5,841.59,70.0,20.9,9.94,25.0
PUDUKKOTTAI,2009,Summer,33.18,25.89,40.48,93.3,54.57,24.71,11.52,13.16
PUDUKKOTTAI,2010,Kharif,30.5,23.86,37.15,406.54,71.55,21.41,12.96,31.33
PUDUKKOTTAI,2010,Rabi,26.22,20.21,32.22,785.1,81.06,16.37,12.16,32.82
PUDUKKOTTAI,2010,Whole Year,30.5,23.5,37.5,1141.96,75.0,21.56,12.81,31.25
PUDUKKOTTAI,2010,Summer,32.79,26.44,39.14,86.7,54.03,22.68,9.64,13.19
PUDUKKOTTAI,2011,Kharif,29.48,24.2,34.76,423.59,74.97,21.85,12.12,34.86
PUDUKKOTTAI,2011,Rabi,27.41,21.4,33.41,531.08,89.95,16.18,11.48,39.15
PUDUKKOTTAI,2011,Whole Year,30.5,23.5,37.5,1214.26,75.0,21.58,9.56,31.25
PUDUKKOTTAI,2011,Summer,32.92,25.81,40.04,76.61,59.81,22.69,10.25,13.6
PUDUKKOTTAI,2012,Kharif,29.57,23.34,35.79,391.28,66.17,18.47,11.89,29.05
PUDUKKOTTAI,2012,Rabi,26.74,21.54,31.93,571.71,76.92,16.04,12.66,25.27
PUDUKKOTTAI,2012,Whole Year,30.5,23.5,37.5,817.08,70.0,20.56,13.58,25.0
PUDUKKOTTAI,2012,Summer,32.37,26.47,38.28,108.18,52.13,22.28,8.38,14.0
PUDUKKOTTAI,2013,Kharif,30.81,24.86,36.77,372.97,75.65,19.71,13.36,30.53
PUDUKKOTTAI,2013,Rabi,26.74,22.37,31.12,612.74,75.07,18.55,12.96,29.88
PUDUKKOTTAI,2013,Whole Year,30.5,23.5,37.5,995.57,70.0,19.32,12.82,25.0
PUDUKKOTTAI,2013,Summer,31.37,25.43,37.31,66.0,45.78,26.28,11.92,14.92
RAMANATHAPURAM,1997,Kharif,32.18,26.72,37.65,295.4,64.26,22.05,16.89,20.8
RAMANATHAPURAM,1997,Rabi,29.6,23.97,35.22,234.19,73.35,18.06,12.77,20.3
RAMANATHAPURAM,1997,Whole Year,32.5,25.5,39.5,769.68,65.0,19.82,12.3,18.0
RAMANATHAPURAM,1997,Summer,34.78,27.24,42.31,41.34,51.83,22.88,7.79,9.59
RAMANATHAPURAM,1998,Kharif,32.63,25.9,39.36,215.91,71.33,21.47,15.08,17.74
RAMANATHAPURAM,1998,Rabi,29.66,24.05,35.28,278.36,73.3,18.86,13.99,18.01
RAMANATHAPURAM,1998,Whole Year,32.5,25.5,39.5,698.56,65.0,20.61,11.3,18.0
RAMANATHAPURAM,1998,Summer,35.25,28.45,42.04,44.09,48.98,25.82,8.35,10.43
RAMANATHAPURAM,1999,Kharif,32.59,25.27,39.92,276.03,67.8,22.2,11.51,19.84
RAMANATHAPURAM,1999,Rabi,29.89,24.81,34.98,392.2,70.63,18.39,8.74,19.27
RAMANATHAPURAM,1999,Whole Year,32.5,25.5,39.5,737.46,65.0,19.37,12.37,18.0
RAMANATHAPURAM,1999,Summer,34.45,28.41,40.49,56.17,53.4,24.59,11.62,11.8
RAMANATHAPURAM,2000,Kharif,31.25,25.3,37.21,291.4,71.7,22.51,12.11,20.78
RAMANATHAPURAM,2000,Rabi,28.69,24.3,33.08,323.63,77.66,15.86,8.29,20.69
RAMANATHAPURAM,2000,Whole Year,32.5,25.5,39.5,572.75,65.0,20.15,13.6,18.0
RAMANATHAPURAM,2000,Summer,34.37,27.51,41.24,35.88,41.18,26.0,10.02,9.13
RAMANATHAPURAM,2001,Kharif,32.04,25.42,38.65,270.09,71.08,18.67,17.44,22.31
RAMANATHAPURAM,2001,Rabi,29.89,23.94,35.84,392.21,79.41,18.67,9.21,19.87
RAMANATHAPURAM,2001,Whole Year,32.5,25.5,39.5,587.75,65.0,19.28,10.99,18.0
RAMANATHAPURAM,2001,Summer,34.67,28.27,41.06,37.37,54.07,22.84,8.48,12.0
RAMANATHAPURAM,2002,Kharif,32.04,25.15,38.94,174.17,64.76,20.53,16.04,14.51
RAMANATHAPURAM,2002,Rabi,29.76,24.51,35.01,214.91,67.08,16.19,13.5,15.66
RAMANATHAPURAM,2002,Whole Year,33.4,25.5,41.3,353.25,57.0,21.32,13.14,11.7
RAMANATHAPURAM,2002,Summer,34.87,28.35,41.39,41.2,45.55,24.15,7.97,7.94
RAMANATHAPURAM,2003,Kharif,32.53,26.79,38.27,174.88,55.08,18.66,11.35,12.73
RAMANATHAPURAM,2003,Rabi,30.13,24.33,35.93,242.39,63.76,18.31,12.65,15.59
RAMANATHAPURAM,2003,Whole Year,33.4,25.5,41.3,366.13,57.0,20.42,12.54,11.7
RAMANATHAPURAM,2003,Summer,36.85,28.93,44.78,13.86,42.68,25.64,10.18,6.86
RAMANATHAPURAM,2004,Kharif,32.61,26.55,38.67,202.55,74.47,19.26,16.61,21.93
RAMANATHAPURAM,2004,Rabi,28.76,24.48,33.03,409.35,77.64,15.62,12.98,23.84
RAMANATHAPURAM,2004,Whole Year,32.5,25.5,39.5,639.93,65.0,21.84,11.91,18.0
RAMANATHAPURAM,2004,Summer,33.6,28.11,39.08,75.05,53.07,23.33,10.65,7.23
RAMANATHAPURAM,2005,Kharif,31.28,25.91,36.64,185.52,69.62,21.01,15.87,19.75
RAMANATHAPURAM,2005,Rabi,29.05,23.67,34.44,266.47,70.84,18.44,12.15,18.89
RAMANATHAPURAM,2005,Whole Year,32.5,25.5,39.5,588.7,65.0,21.59,13.8,18.0
RAMANATHAPURAM,2005,Summer,34.92,27.42,42.42,69.83,45.6,25.15,11.13,9.11
RAMANATHAPURAM,2006,Kharif,31.13,25.43,36.83,212.3,72.17,20.82,13.31,19.07
RAMANATHAPURAM,2006,Rabi,28.87,22.07,35.68,329.25,75.47,17.46,12.74,24.29
RAMANATHAPURAM,2006,Whole Year,32.5,25.5,39.5,558.1,65.0,20.88,10.14,18.0
RAMANATHAPURAM,2006,Summer,33.89,27.76,40.03,66.02,45.09,25.9,11.72,12.24
RAMANATHAPURAM,2007,Kharif,32.11,26.71,37.51,257.36,71.83,18.07,17.4,18.23
RAMANATHAPURAM,2007,Rabi,29.52,23.11,35.94,411.17,73.62,16.94,12.62,23.35
RAMANATHAPURAM,2007,Whole Year,32.5,25.5,39.5,703.25,65.0,19.03,10.0,18.0
RAMANATHAPURAM,2007,Summer,34.53,28.56,40.5,21.6,42.9,23.54,10.88,12.23
RAMANATHAPURAM,2008,Kharif,32.09,26.37,37.82,195.65,64.42,20.73,11.44,19.17
RAMANATHAPURAM,2008,Rabi,30.02,24.06,35.97,300.46,70.39,16.89,10.0,20.66
RAMANATHAPURAM,2008,Whole Year,32.5,25.5,39.5,616.34,65.0,21.64,11.49,18.0
RAMANATHAPURAM,2008,Summer,36.12,28.49,43.76,43.27,52.82,26.49,7.14,11.03
RAMANATHAPURAM,2009,Kharif,31.36,25.3,37.42,206.55,66.55,20.41,18.0,15.44
RAMANATHAPURAM,2009,Rabi,29.22,23.03,35.41,353.35,76.3,18.5,11.39,24.35
RAMANATHAPURAM,2009,Whole Year,32.5,25.5,39.5,574.65,65.0,20.55,9.17,18.0
RAMANATHAPURAM,2009,Summer,35.53,27.39,43.66,49.24,49.06,23.67,8.01,9.51
RAMANATHAPURAM,2010,Kharif,32.35,26.39,38.31,396.1,75.41,20.57,17.59,20.9
RAMANATHAPURAM,2010,Rabi,28.17,23.08,33.26,475.0,82.25,18.13,11.98,23.6
RAMANATHAPURAM,2010,Whole Year,32.5,25.5,39.5,690.97,70.0,21.14,12.99,22.5
RAMANATHAPURAM,2010,Summer,34.42,28.93,39.9,84.39,45.48,24.34,7.77,11.17
RAMANATHAPURAM,2011,Kharif,31.81,25.44,38.17,248.32,69.63,21.76,12.61,23.02
RAMANATHAPURAM,2011,Rabi,29.12,22.28,35.95,498.9,77.4,15.97,9.83,23.94
RAMANATHAPURAM,2011,Whole Year,32.5,25.5,39.5,736.45,70.0,19.77,12.3,22.5
RAMANATHAPURAM,2011,Summer,34.41,27.78,41.05,36.23,50.64,22.59,7.73,11.59
RAMANATHAPURAM,2012,Kharif,32.39,25.87,38.91,289.17,65.68,21.27,11.69,18.85
RAMANATHAPURAM,2012,Rabi,29.19,23.15,35.23,235.78,71.01,15.3,11.28,22.1
RAMANATHAPURAM,2012,Whole Year,32.5,25.5,39.5,522.86,65.0,20.97,12.82,18.0
RAMANATHAPURAM,2012,Summer,34.9,28.77,41.02,68.64,44.69,23.37,10.71,11.99
RAMANATHAPURAM,2013,Kharif,32.56,26.38,38.74,196.57,60.88,20.93,13.94,21.13
RAMANATHAPURAM,2013,Rabi,28.26,22.66,33.86,330.28,77.56,16.08,10.17,18.43
RAMANATHAPURAM,2013,Whole Year,32.5,25.5,39.5,553.93,65.0,20.83,11.48,18.0
RAMANATHAPURAM,2013,Summer,33.85,28.66,39.04,26.15,43.76,22.42,9.01,8.49
SALEM,1997,Kharif,24.97,18.9,31.05,619.09,84.59,22.69,14.62,36.64
SALEM,1997,Rabi,20.72,15.31,26.12,772.31,85.12,17.82,12.64,33.4
SALEM,1997,Whole Year,25.5,18.5,32.5,1417.49,78.0,21.78,12.27,32.0
SALEM,1997,Summer,28.54,21.69,35.4,68.45,54.04,23.83,10.47,18.92
SALEM,1998,Kharif,25.3,19.46,31.14,454.07,78.62,22.32,11.12,32.45
SALEM,1998,Rabi,22.38,17.98,26.79,653.89,83.88,16.08,13.28,40.86
SALEM,1998,Whole Year,25.5,18.5,32.5,993.74,78.0,21.98,13.73,32.0
SALEM,1998,Summer,29.62,21.72,37.53,92.15,54.06,26.36,10.47,15.6
SALEM,1999,Kharif,24.72,18.15,31.29,434.36,79.9,20.03,17.48,37.69
SALEM,1999,Rabi,21.97,17.91,26.03,431.17,89.1,18.26,11.09,38.84
SALEM,1999,Whole Year,25.5,18.5,32.5,1075.4,78.0,20.38,10.28,32.0
SALEM,1999,Summer,27.9,21.45,34.35,34.28,53.68,26.11,10.98,18.26
SALEM,2000,Kharif,25.64,18.37,32.9,417.67,78.46,21.65,15.14,37.76
SALEM,2000,Rabi,21.95,16.96,26.93,639.24,84.46,15.16,9.46,34.03
SALEM,2000,Whole Year,25.5,18.5,32.5,963.2,78.0,21.33,11.72,32.0
SALEM,2000,Summer,26.82,20.66,32.98,58.37,67.1,26.49,7.52,13.67
SALEM,2001,Kharif,24.55,18.77,30.33,591.62,85.47,22.34,15.88,28.89
SALEM,2001,Rabi,22.0,17.81,26.19,726.48,89.57,18.92,11.86,35.19
SALEM,2001,Whole Year,25.5,18.5,32.5,1002.97,78.0,20.1,10.0,32.0
SALEM,2001,Summer,26.66,20.74,32.58,117.79,57.55,25.31,11.83,19.05
SALEM,2002,Kharif,24.78,18.42,31.14,364.57,68.28,20.47,17.66,19.17
SALEM,2002,Rabi,23.29,17.89,28.69,279.75,81.68,16.11,8.38,28.23
SALEM,2002,Whole Year,26.4,18.5,34.3,590.25,70.0,19.81,10.2,20.8
SALEM,2002,Summer,28.37,21.95,34.79,73.6,59.44,22.1,10.17,8.87
SALEM,2003,Kharif,25.03,19.26,30.81,264.22,69.77,21.06,13.99,23.33
SALEM,2003,Rabi,22.69,15.19,30.19,467.76,75.54,18.96,9.93,23.1
SALEM,2003,Whole Year,26.4,18.5,34.3,692.21,70.0,21.35,13.77,20.8
SALEM,2003,Summer,27.81,20.89,34.73,32.08,53.92,23.65,8.19,13.63
SALEM,2004,Kharif,25.41,19.44,31.37,474.04,86.85,21.14,12.66,35.38
SALEM,2004,Rabi,21.66,17.04,26.27,598.83,91.6,18.64,11.26,40.95
SALEM,2004,Whole Year,25.5,18.5,32.5,1253.13,78.0,21.43,9.52,32.0
SALEM,2004,Summer,27.36,21.2,33.52,29.56,55.55,22.6,8.62,21.12
SALEM,2005,Kharif,24.91,18.56,31.27,425.36,80.73,18.28,15.82,30.24
SALEM,2005,Rabi,21.42,16.56,26.28,689.79,91.96,16.82,8.5,44.1
SALEM,2005,Whole Year,25.5,18.5,32.5,1174.58,78.0,19.24,9.94,32.0
SALEM,2005,Summer,27.47,21.76,33.19,46.75,54.16,22.94,9.21,19.81
SALEM,2006,Kharif,25.74,18.65,32.83,614.22,81.56,21.76,13.09,32.69
SALEM,2006,Rabi,22.85,17.69,28.02,512.31,83.8,15.39,12.33,34.93
SALEM,2006,Whole Year,25.5,18.5,32.5,1329.59,78.0,21.72,10.7,32.0
SALEM,2006,Summer,27.49,20.41,34.57,117.76,63.4,26.19,11.94,16.51
SALEM,2007,Kharif,25.67,19.6,31.74,504.08,87.87,22.06,16.68,36.5
SALEM,2007,Rabi,22.88,16.95,28.81,590.96,86.99,15.78,9.82,32.03
SALEM,2007,Whole Year,25.5,18.5,32.5,1276.75,78.0,20.82,11.02,32.0
SALEM,2007,Summer,28.11,20.07,36.16,56.76,62.32,24.32,9.73,15.45
SALEM,2008,Kharif,24.85,19.5,30.2,613.45,78.39,19.87,15.76,29.28
SALEM,2008,Rabi,22.03,16.07,28.0,429.21,84.9,16.87,13.01,41.37
SALEM,2008,Whole Year,25.5,18.5,32.5,1379.26,78.0,21.55,11.56,32.0
SALEM,2008,Summer,29.14,20.76,37.52,114.17,62.63,23.58,8.83,17.55
SALEM,2009,Kharif,24.51,19.28,29.75,507.34,86.04,20.46,11.75,37.61
SALEM,2009,Rabi,21.92,15.73,28.1,675.25,90.82,18.32,13.39,39.81
SALEM,2009,Whole Year,25.5,18.5,32.5,1148.92,78.0,19.27,12.61,32.0
SALEM,2009,Summer,29.46,21.72,37.21,75.56,54.86,24.33,9.27,16.29
SALEM,2010,Kharif,24.46,19.88,29.05,627.25,91.52,20.93,16.9,50.0
SALEM,2010,Rabi,22.72,17.46,27.98,742.69,90.09,15.96,9.47,51.67
SALEM,2010,Whole Year,25.5,18.5,32.5,1469.52,83.0,19.77,13.43,40.0
SALEM,2010,Summer,29.17,21.93,36.41,181.29,63.62,24.47,7.31,22.04
SALEM,2011,Kharif,25.69,19.28,32.11,740.73,80.51,20.61,16.88,43.99
SALEM,2011,Rabi,22.63,16.56,28.69,1030.75,90.35,15.73,13.19,43.89
SALEM,2011,Whole Year,25.5,18.5,32.5,1777.05,83.0,19.9,9.1,40.0
SALEM,2011,Summer,26.7,21.16,32.24,68.59,65.81,22.17,7.17,17.86
SALEM,2012,Kharif,25.99,19.07,32.9,362.9,82.33,20.49,10.48,27.64
SALEM,2012,Rabi,22.69,17.33,28.05,791.23,88.56,15.18,9.55,44.06
SALEM,2012,Whole Year,25.5,18.5,32.5,966.01,78.0,20.81,9.89,32.0
SALEM,2012,Summer,27.7,21.87,33.53,136.74,56.57,22.77,7.33,17.53
SALEM,2013,Kharif,25.26,19.89,30.62,566.47,80.51,22.48,16.33,34.31
SALEM,2013,Rabi,20.96,15.63,26.28,484.39,90.0,15.02,8.03,36.87
SALEM,2013,Whole Year,25.5,18.5,32.5,1376.2,78.0,21.94,12.25,32.0
SALEM,2013,Summer,28.59,20.1,37.09,52.01,61.94,24.81,7.76,15.81
SIVAGANGA,1997,Kharif,31.43,25.49,37.38,326.45,66.1,19.1,11.68,20.25
SIVAGANGA,1997,Rabi,28.8,23.9,33.71,369.94,74.21,18.38,11.29,25.0
SIVAGANGA,1997,Whole Year,32.5,25.5,39.5,617.36,65.0,19.85,12.22,18.0
SIVAGANGA,1997,Summer,33.34,27.58,39.1,57.37,52.28,26.31,9.88,7.88
SIVAGANGA,1998,Kharif,33.21,26.89,39.52,314.7,66.51,18.44,13.12,20.78
SIVAGANGA,1998,Rabi,29.31,23.02,35.6,382.46,73.3,16.36,11.89,20.23
SIVAGANGA,1998,Whole Year,32.5,25.5,39.5,745.59,65.0,19.98,11.44,18.0
SIVAGANGA,1998,Summer,34.31,28.91,39.71,23.83,49.84,22.52,9.29,8.65
SIVAGANGA,1999,Kharif,32.12,26.46,37.78,315.2,71.43,22.42,17.92,15.38
SIVAGANGA,1999,Rabi,28.14,22.92,33.36,423.0,72.27,16.4,13.87,24.24
SIVAGANGA,1999,Whole Year,32.5,25.5,39.5,532.27,65.0,19.14,13.09,18.0
SIVAGANGA,1999,Summer,36.48,28.86,44.11,73.3,54.64,22.99,7.12,7.59
SIVAGANGA,2000,Kharif,32.43,25.93,38.92,256.8,65.79,19.03,11.89,19.49
SIVAGANGA,2000,Rabi,28.32,22.43,34.21,423.61,70.52,18.32,10.03,24.26
SIVAGANGA,2000,Whole Year,32.5,25.5,39.5,759.05,65.0,21.1,10.78,18.0
SIVAGANGA,2000,Summer,35.2,28.09,42.31,44.43,43.13,25.47,7.06,8.02
SIVAGANGA,2001,Kharif,32.48,26.27,38.69,217.83,64.84,20.31,14.72,21.79
SIVAGANGA,2001,Rabi,28.33,22.59,34.08,386.13,78.33,17.09,9.78,24.79
SIVAGANGA,2001,Whole Year,32.5,25.5,39.5,770.19,65.0,19.67,12.93,18.0
SIVAGANGA,2001,Summer,33.97,28.92,39.01,37.54,48.06,24.46,8.89,7.9
SIVAGANGA,2002,Kharif,33.7,26.31,41.09,140.62,60.88,21.4,15.86,12.23
SIVAGANGA,2002,Rabi,31.06,24.62,37.5,165.15,65.39,18.1,12.58,15.9
SIVAGANGA,2002,Whole Year,33.4,25.5,41.3,317.26,57.0,21.62,12.96,11.7
SIVAGANGA,2002,Summer,34.85,27.95,41.76,29.76,44.09,26.34,10.54,6.77
SIVAGANGA,2003,Kharif,32.65,25.37,39.93,114.84,55.89,22.91,16.81,14.29
SIVAGANGA,2003,Rabi,30.13,24.71,35.54,139.33,70.22,15.7,10.46,12.96
SIVAGANGA,2003,Whole Year,33.4,25.5,41.3,457.14,57.0,20.83,13.0,11.7
SIVAGANGA,2003,Summer,36.14,27.8,44.48,23.7,43.41,23.57,8.47,7.11
SIVAGANGA,2004,Kharif,32.18,26.15,38.2,302.27,64.0,20.12,14.16,15.69
SIVAGANGA,2004,Rabi,28.87,24.54,33.19,382.69,73.0,16.69,12.03,24.96
SIVAGANGA,2004,Whole Year,32.5,25.5,39.5,730.87,65.0,19.17,10.53,18.0
SIVAGANGA,2004,Summer,34.14,28.9,39.37,23.55,50.18,23.04,8.76,11.64
SIVAGANGA,2005,Kharif,31.4,25.4,37.4,284.93,65.59,19.93,15.41,18.07
SIVAGANGA,2005,Rabi,28.35,23.35,33.35,336.08,77.42,18.55,8.88,20.96
SIVAGANGA,2005,Whole Year,32.5,25.5,39.5,646.41,65.0,21.71,10.29,18.0
SIVAGANGA,2005,Summer,34.26,28.67,39.85,25.26,41.96,24.79,9.1,11.88
SIVAGANGA,2006,Kharif,33.06,26.4,39.71,300.38,60.31,20.31,16.74,18.15
SIVAGANGA,2006,Rabi,28.79,22.04,35.54,382.87,71.36,15.43,11.85,22.76
SIVAGANGA,2006,Whole Year,32.5,25.5,39.5,558.35,65.0,21.56,13.37,18.0
SIVAGANGA,2006,Summer,35.41,28.17,42.65,47.47,54.47,22.41,10.9,9.84
SIVAGANGA,2007,Kharif,32.11,25.78,38.45,241.22,60.44,21.93,13.75,16.3
SIVAGANGA,2007,Rabi,28.99,24.94,33.05,225.68,71.55,15.93,9.48,22.55
SIVAGANGA,2007,Whole Year,32.5,25.5,39.5,582.81,65.0,21.02,13.12,18.0
SIVAGANGA,2007,Summer,35.77,28.23,43.31,22.1,50.08,25.07,11.66,10.52
SIVAGANGA,2008,Kharif,31.76,26.27,37.25,243.08,69.79,19.63,13.76,20.76
SIVAGANGA,2008,Rabi,29.72,24.29,35.15,384.7,78.64,15.1,8.68,24.87
SIVAGANGA,2008,Whole Year,32.5,25.5,39.5,552.7,65.0,20.46,9.83,18.0
SIVAGANGA,2008,Summer,33.48,27.38,39.58,20.94,47.43,23.07,10.31,10.9
SIVAGANGA,2009,Kharif,32.58,25.83,39.34,290.79,62.81,18.39,15.98,20.63
SIVAGANGA,2009,Rabi,28.03,22.45,33.61,267.14,75.77,15.62,9.78,23.85
SIVAGANGA,2009,Whole Year,32.5,25.5,39.5,606.9,65.0,19.03,12.25,18.0
SIVAGANGA,2009,Summer,34.41,28.64,40.17,16.63,46.33,24.53,7.48,7.47
SIVAGANGA,2010,Kharif,32.57,26.02,39.13,430.02,66.13,21.54,11.53,19.43
SIVAGANGA,2010,Rabi,29.36,24.0,34.72,454.66,75.49,18.71,8.33,24.45
SIVAGANGA,2010,Whole Year,32.5,25.5,39.5,822.19,70.0,21.84,13.96,22.5
SIVAGANGA,2010,Summer,34.67,29.0,40.35,60.95,49.58,24.96,8.26,10.33
SIVAGANGA,2011,Kharif,33.17,26.97,39.37,313.42,77.97,19.62,16.05,19.75
SIVAGANGA,2011,Rabi,29.12,22.57,35.67,359.12,76.42,15.78,13.21,25.08
SIVAGANGA,2011,Whole Year,32.5,25.5,39.5,754.2,70.0,21.94,12.35,22.5
SIVAGANGA,2011,Summer,35.41,27.34,43.48,50.62,47.06,24.65,10.29,11.2
SIVAGANGA,2012,Kharif,32.23,25.04,39.42,205.11,63.06,21.74,10.21,17.72
SIVAGANGA,2012,Rabi,28.51,23.4,33.61,409.1,78.89,18.83,8.88,18.57
SIVAGANGA,2012,Whole Year,32.5,25.5,39.5,664.58,65.0,21.38,10.46,18.0
SIVAGANGA,2012,Summer,35.31,28.52,42.11,45.68,47.81,23.82,10.64,10.52
SIVAGANGA,2013,Kharif,32.45,26.02,38.88,222.82,73.38,19.92,12.62,19.2
SIVAGANGA,2013,Rabi,29.0,24.19,33.81,235.41,76.52,18.65,12.11,22.09
SIVAGANGA,2013,Whole Year,32.5,25.5,39.5,705.07,65.0,21.9,10.68,18.0
SIVAGANGA,2013,Summer,34.43,28.14,40.72,16.64,49.79,22.32,11.29,11.06
THANJAVUR,1997,Kharif,30.35,24.89,35.81,437.54,81.97,21.59,10.23,32.6
THANJAVUR,1997,Rabi,26.31,20.86,31.77,624.48,82.52,15.69,11.26,34.19
THANJAVUR,1997,Whole Year,31.0,24.0,38.0,1037.77,75.0,21.71,10.21,28.0
THANJAVUR,1997,Summer,33.13,26.29,39.96,113.28,63.01,22.37,11.96,16.05
THANJAVUR,1998,Kharif,29.9,23.68,36.13,446.28,80.41,22.93,10.9,25.2
THANJAVUR,1998,Rabi,26.8,21.93,31.67,609.45,89.91,18.25,9.59,36.96
THANJAVUR,1998,Whole Year,31.0,24.0,38.0,1103.71,75.0,19.36,11.83,28.0
THANJAVUR,1998,Summer,32.47,25.71,39.24,91.64,64.38,25.75,8.03,16.31
THANJAVUR,1999,Kharif,30.57,24.45,36.69,357.94,78.39,21.01,13.4,30.89
THANJAVUR,1999,Rabi,27.98,22.93,33.04,605.69,83.68,16.64,8.99,34.9
THANJAVUR,1999,Whole Year,31.0,24.0,38.0,891.88,75.0,20.5,10.05,28.0
THANJAVUR,1999,Summer,32.59,27.11,38.07,61.23,51.99,24.72,10.9,12.16
THANJAVUR,2000,Kharif,30.46,24.87,36.05,510.72,79.97,20.45,12.4,32.31
THANJAVUR,2000,Rabi,26.97,20.84,33.11,368.12,82.72,17.98,10.33,35.01
THANJAVUR,2000,Whole Year,31.0,24.0,38.0,1060.3,75.0,21.72,10.54,28.0
THANJAVUR,2000,Summer,32.25,26.61,37.89,106.34,60.11,25.25,7.02,18.49
THANJAVUR,2001,Kharif,29.97,23.56,36.38,415.62,79.25,22.88,14.47,24.63
THANJAVUR,2001,Rabi,27.28,21.8,32.76,621.23,83.03,18.7,12.8,31.66
THANJAVUR,2001,Whole Year,31.0,24.0,38.0,987.84,75.0,20.55,9.5,28.0
THANJAVUR,2001,Summer,33.64,26.12,41.15,57.33,55.43,22.44,11.76,11.76
THANJAVUR,2002,Kharif,32.51,24.84,40.18,236.63,75.28,18.75,10.53,16.26
THANJAVUR,2002,Rabi,27.08,20.58,33.57,349.64,76.41,18.44,9.77,18.41
THANJAVUR,2002,Whole Year,31.9,24.0,39.8,692.65,67.0,20.77,11.17,18.2
THANJAVUR,2002,Summer,35.78,26.85,44.7,22.49,54.88,22.07,7.36,11.96
THANJAVUR,2003,Kharif,30.31,23.91,36.71,294.31,71.62,19.94,10.67,19.86
THANJAVUR,2003,Rabi,27.77,20.98,34.56,301.51,80.27,15.84,9.03,23.26
THANJAVUR,2003,Whole Year,31.9,24.0,39.8,669.43,67.0,21.74,10.67,18.2
THANJAVUR,2003,Summer,34.48,27.1,41.87,38.33,42.93,26.13,9.14,9.53
THANJAVUR,2004,Kharif,31.02,24.61,37.42,432.62,74.32,21.84,17.23,31.84
THANJAVUR,2004,Rabi,28.4,22.92,33.88,701.7,86.85,15.98,8.03,32.32
THANJAVUR,2004,Whole Year,31.0,24.0,38.0,1037.51,75.0,21.73,12.1,28.0
THANJAVUR,2004,Summer,34.29,26.94,41.65,34.49,61.8,25.35,8.49,11.46
THANJAVUR,2005,Kharif,30.82,24.51,37.13,492.83,74.59,20.12,14.45,24.64
THANJAVUR,2005,Rabi,27.76,22.91,32.61,447.06,84.66,17.6,11.24,36.67
THANJAVUR,2005,Whole Year,31.0,24.0,38.0,1103.07,75.0,19.88,9.6,28.0
THANJAVUR,2005,Summer,32.5,26.22,38.77,57.32,53.07,22.99,9.69,12.0
THANJAVUR,2006,Kharif,31.54,24.67,38.42,534.5,84.2,20.98,12.36,27.78
THANJAVUR,2006,Rabi,27.34,22.88,31.79,412.37,84.67,15.11,13.64,34.29
THANJAVUR,2006,Whole Year,31.0,24.0,38.0,912.88,75.0,20.25,10.88,28.0
THANJAVUR,2006,Summer,32.03,25.83,38.22,68.53,54.33,23.68,8.79,14.06
THANJAVUR,2007,Kharif,29.48,23.98,34.98,509.89,71.06,19.6,13.11,28.21
THANJAVUR,2007,Rabi,28.12,22.94,33.31,512.82,85.68,17.46,9.15,38.31
THANJAVUR,2007,Whole Year,31.0,24.0,38.0,1188.64,75.0,21.49,11.66,28.0
THANJAVUR,2007,Summer,33.56,25.86,41.26,70.62,53.71,24.7,7.01,19.57
THANJAVUR,2008,Kharif,30.71,24.64,36.79,396.3,71.5,22.17,15.46,33.08
THANJAVUR,2008,Rabi,27.96,22.05,33.88,634.24,83.36,15.02,13.16,30.07
THANJAVUR,2008,Whole Year,31.0,24.0,38.0,1204.86,75.0,20.85,12.17,28.0
THANJAVUR,2008,Summer,33.46,27.01,39.92,56.66,62.14,25.26,7.48,15.5
THANJAVUR,2009,Kharif,31.37,24.43,38.32,513.09,77.38,22.22,16.32,24.11
THANJAVUR,2009,Rabi,27.15,20.73,33.56,589.86,87.13,15.9,8.18,30.6
THANJAVUR,2009,Whole Year,31.0,24.0,38.0,1173.72,75.0,20.79,10.81,28.0
THANJAVUR,2009,Summer,34.66,27.02,42.3,71.35,55.82,22.06,9.15,11.33
THANJAVUR,2010,Kharif,29.71,23.93,35.5,436.95,88.9,18.09,11.58,33.12
THANJAVUR,2010,Rabi,27.33,21.03,33.63,902.33,91.95,15.95,9.0,45.58
THANJAVUR,2010,Whole Year,31.0,24.0,38.0,1583.89,80.0,21.74,12.86,35.0
THANJAVUR,2010,Summer,33.69,25.91,41.47,129.18,68.26,23.48,9.29,20.98
THANJAVUR,2011,Kharif,30.33,24.66,36.0,566.83,80.92,18.36,17.76,42.72
THANJAVUR,2011,Rabi,28.24,23.38,33.09,785.55,91.1,16.41,12.82,43.61
THANJAVUR,2011,Whole Year,31.0,24.0,38.0,1222.46,80.0,20.83,10.37,35.0
THANJAVUR,2011,Summer,34.2,26.31,42.09,72.41,65.76,25.27,9.54,15.46
THANJAVUR,2012,Kharif,30.78,24.41,37.15,417.81,79.36,19.82,17.02,26.49
THANJAVUR,2012,Rabi,28.24,22.66,33.82,373.21,89.87,17.52,12.84,34.54
THANJAVUR,2012,Whole Year,31.0,24.0,38.0,1170.26,75.0,20.3,11.88,28.0
THANJAVUR,2012,Summer,34.54,26.18,42.91,28.71,63.37,25.11,8.72,16.89
THANJAVUR,2013,Kharif,31.03,25.04,37.01,414.49,71.84,22.65,16.34,32.55
THANJAVUR,2013,Rabi,26.49,21.41,31.56,530.83,87.51,15.87,11.69,38.41
THANJAVUR,2013,Whole Year,31.0,24.0,38.0,1156.23,75.0,20.64,10.55,28.0
THANJAVUR,2013,Summer,34.01,26.23,41.79,89.49,53.67,23.26,9.54,15.81
THE NILGIRIS,1997,Kharif,24.76,19.82,29.71,424.31,73.72,19.17,14.18,34.13
THE NILGIRIS,1997,Rabi,23.05,17.25,28.84,591.56,89.37,15.12,10.4,38.94
THE NILGIRIS,1997,Whole Year,25.5,18.5,32.5,1109.88,78.0,19.51,10.01,32.0
THE NILGIRIS,1997,Summer,26.75,21.07,32.43,55.81,57.21,22.97,7.58,13.6
THE NILGIRIS,1998,Kharif,23.68,18.02,29.35,460.85,80.67,22.82,17.13,30.24
THE NILGIRIS,1998,Rabi,22.53,17.75,27.31,443.89,91.71,17.82,13.66,39.29
THE NILGIRIS,1998,Whole Year,25.5,18.5,32.5,1134.92,78.0,20.5,9.8,32.0
THE NILGIRIS,1998,Summer,29.53,21.07,37.99,108.35,67.06,25.27,7.5,16.55
THE NILGIRIS,1999,Kharif,23.97,18.43,29.51,420.31,75.93,22.35,11.18,34.06
THE NILGIRIS,1999,Rabi,22.35,17.17,27.52,470.68,90.58,17.57,8.26,44.13
THE NILGIRIS,1999,Whole Year,25.5,18.5,32.5,1388.63,78.0,19.89,10.46,32.0
THE NILGIRIS,1999,Summer,28.36,21.0,35.71,62.33,56.07,22.35,8.99,18.14
THE NILGIRIS,2000,Kharif,25.44,18.4,32.49,406.39,76.62,19.84,13.42,38.06
THE NILGIRIS,2000,Rabi,23.02,17.98,28.05,491.93,91.82,16.27,11.23,36.21
THE NILGIRIS,2000,Whole Year,25.5,18.5,32.5,1164.14,78.0,20.57,12.74,32.0
THE NILGIRIS,2000,Summer,27.94,21.76,34.11,102.49,59.17,25.51,11.45,13.7
THE NILGIRIS,2001,Kharif,24.35,18.57,30.14,474.64,82.42,18.75,12.77,39.69
THE NILGIRIS,2001,Rabi,21.92,17.59,26.25,740.6,87.31,17.7,9.83,34.54
THE NILGIRIS,2001,Whole Year,25.5,18.5,32.5,1061.99,78.0,19.59,10.23,32.0
THE NILGIRIS,2001,Summer,29.22,21.56,36.88,90.24,63.55,23.55,11.79,14.57
THE NILGIRIS,2002,Kharif,25.99,18.23,33.75,307.6,74.36,20.11,13.51,24.3
THE NILGIRIS,2002,Rabi,22.54,15.57,29.51,427.86,83.1,16.33,11.74,24.43
THE NILGIRIS,2002,Whole Year,26.4,18.5,34.3,604.26,70.0,20.95,11.94,20.8
THE NILGIRIS,2002,Summer,28.01,21.79,34.22,34.53,47.5,22.29,9.3,9.44
THE NILGIRIS,2003,Kharif,26.69,19.49,33.88,348.58,73.7,22.32,16.85,19.52
THE NILGIRIS,2003,Rabi,23.1,16.06,30.13,377.65,83.06,17.52,9.71,26.5
THE NILGIRIS,2003,Whole Year,26.4,18.5,34.3,745.34,70.0,20.87,9.48,20.8
THE NILGIRIS,2003,Summer,30.22,21.75,38.69,47.09,56.77,22.42,8.31,10.16
THE NILGIRIS,2004,Kharif,25.19,18.03,32.34,358.6,84.23,20.82,11.83,36.76
THE NILGIRIS,2004,Rabi,23.05,17.91,28.19,764.18,91.83,18.09,13.61,41.05
THE NILGIRIS,2004,Whole Year,25.5,18.5,32.5,1289.63,78.0,19.08,9.87,32.0
THE NILGIRIS,2004,Summer,29.21,20.44,37.99,111.74,59.3,22.83,11.74,19.04
THE NILGIRIS,2005,Kharif,25.73,19.02,32.45,610.55,78.57,20.58,10.92,39.49
THE NILGIRIS,2005,Rabi,23.21,17.64,28.79,480.23,92.09,16.81,11.55,32.46
THE NILGIRIS,2005,Whole Year,25.5,18.5,32.5,1149.31,78.0,20.48,9.05,32.0
THE NILGIRIS,2005,Summer,28.86,20.68,37.03,31.65,60.61,22.15,11.37,14.34
THE NILGIRIS,2006,Kharif,26.16,19.88,32.43,464.02,74.43,21.24,15.64,34.47
THE NILGIRIS,2006,Rabi,22.14,17.0,27.27,788.19,88.34,16.59,12.25,32.97
THE NILGIRIS,2006,Whole Year,25.5,18.5,32.5,1099.31,78.0,19.68,12.4,32.0
THE NILGIRIS,2006,Summer,28.67,20.79,36.56,77.96,65.39,22.82,11.46,13.52
THE NILGIRIS,2007,Kharif,24.37,18.81,29.93,397.71,74.48,22.9,10.49,29.09
THE NILGIRIS,2007,Rabi,22.14,16.9,27.37,786.56,85.42,17.88,11.94,38.62
THE NILGIRIS,2007,Whole Year,25.5,18.5,32.5,1087.71,78.0,19.47,9.88,32.0
THE NILGIRIS,2007,Summer,27.07,21.31,32.82,143.84,61.31,24.43,10.08,14.68
THE NILGIRIS,2008,Kharif,24.14,19.04,29.25,615.12,80.09,18.15,14.79,28.48
THE NILGIRIS,2008,Rabi,22.25,15.63,28.86,772.76,87.28,17.85,8.93,32.97
THE NILGIRIS,2008,Whole Year,25.5,18.5,32.5,1354.1,78.0,21.09,13.54,32.0
THE NILGIRIS,2008,Summer,27.13,20.17,34.08,65.51,61.37,25.0,7.02,17.93
THE NILGIRIS,2009,Kharif,25.38,19.96,30.8,359.7,81.43,19.57,13.83,39.46
THE NILGIRIS,2009,Rabi,22.57,16.98,28.16,678.7,91.69,16.34,8.34,44.42
THE NILGIRIS,2009,Whole Year,25.5,18.5,32.5,1133.93,78.0,19.58,13.57,32.0
THE NILGIRIS,2009,Summer,28.4,21.62,35.17,115.83,57.03,22.13,8.01,21.33
THE NILGIRIS,2010,Kharif,25.32,18.89,31.75,587.42,89.18,19.45,11.86,49.95
THE NILGIRIS,2010,Rabi,23.24,17.53,28.94,1009.8,95.15,17.33,8.03,50.16
THE NILGIRIS,2010,Whole Year,25.5,18.5,32.5,1729.98,83.0,21.2,9.86,40.0
THE NILGIRIS,2010,Summer,28.11,20.91,35.3,135.22,60.54,25.14,7.71,16.23
THE NILGIRIS,2011,Kharif,24.44,19.73,29.16,600.33,82.26,18.04,10.64,40.36
THE NILGIRIS,2011,Rabi,22.08,15.18,28.98,550.43,96.31,16.92,11.73,48.1
THE NILGIRIS,2011,Whole Year,25.5,18.5,32.5,1824.89,83.0,20.44,9.84,40.0
THE NILGIRIS,2011,Summer,27.76,20.44,35.08,54.97,66.08,25.09,8.48,26.94
THE NILGIRIS,2012,Kharif,24.79,18.3,31.27,351.66,81.75,20.08,15.79,30.62
THE NILGIRIS,2012,Rabi,21.92,16.18,27.66,615.63,84.16,16.96,11.3,43.87
THE NILGIRIS,2012,Whole Year,25.5,18.5,32.5,1181.21,78.0,20.92,11.85,32.0
THE NILGIRIS,2012,Summer,27.36,21.61,33.11,113.98,60.15,26.03,11.54,15.65
THE NILGIRIS,2013,Kharif,25.09,19.8,30.38,355.31,84.72,18.73,16.93,32.52
THE NILGIRIS,2013,Rabi,22.33,17.16,27.5,647.33,90.02,16.35,13.9,37.41
THE NILGIRIS,2013,Whole Year,25.5,18.5,32.5,1360.54,78.0,19.1,12.89,32.0
THE NILGIRIS,2013,Summer,28.37,20.9,35.84,71.76,59.83,26.19,8.93,13.82
THENI,1997,Kharif,29.79,23.56,36.02,351.43,76.67,20.81,15.05,30.51
THENI,1997,Rabi,27.31,22.82,31.79,586.78,82.93,15.75,9.01,33.25
THENI,1997,Whole Year,30.5,23.5,37.5,939.45,70.0,21.58,13.59,25.0
THENI,1997,Summer,34.84,26.86,42.82,85.36,47.48,24.84,8.53,14.5
THENI,1998,Kharif,30.85,23.97,37.73,380.15,65.42,21.43,10.4,30.69
THENI,1998,Rabi,27.72,21.54,33.9,317.12,80.33,15.9,11.84,29.98
THENI,1998,Whole Year,30.5,23.5,37.5,944.33,70.0,20.08,9.26,25.0
THENI,1998,Summer,34.47,26.79,42.15,84.15,48.46,22.55,7.25,10.13
THENI,1999,Kharif,29.98,23.96,36.0,282.03,70.2,20.65,15.41,29.35
THENI,1999,Rabi,26.08,21.08,31.09,490.29,75.88,17.26,10.26,27.86
THENI,1999,Whole Year,30.5,23.5,37.5,913.27,70.0,20.14,13.15,25.0
THENI,1999,Summer,32.18,26.55,37.82,96.0,56.35,22.15,8.93,16.14
THENI,2000,Kharif,30.01,24.14,35.88,268.02,75.67,19.72,15.83,25.36
THENI,2000,Rabi,27.09,21.42,32.77,369.98,77.94,17.34,12.94,34.61
THENI,2000,Whole Year,30.5,23.5,37.5,928.89,70.0,19.22,13.78,25.0
THENI,2000,Summer,31.89,26.16,37.61,107.94,55.79,24.96,7.72,15.4
THENI,2001,Kharif,30.49,23.05,37.94,285.47,76.53,21.32,16.41,24.58
THENI,2001,Rabi,26.91,21.79,32.03,546.07,83.09,16.0,11.44,26.26
THENI,2001,Whole Year,30.5,23.5,37.5,740.84,70.0,20.83,13.2,25.0
THENI,2001,Summer,32.95,25.19,40.72,93.5,53.94,25.94,10.87,12.31
THENI,2002,Kharif,29.91,23.81,36.01,173.98,71.2,18.05,11.63,14.71
THENI,2002,Rabi,27.01,20.9,33.12,189.21,76.3,18.49,10.15,16.9
THENI,2002,Whole Year,31.4,23.5,39.3,591.35,62.0,21.65,13.87,16.25
THENI,2002,Summer,34.57,26.74,42.4,36.06,49.65,25.64,10.91,11.2
THENI,2003,Kharif,30.79,24.83,36.76,264.2,62.93,20.38,14.89,16.47
THENI,2003,Rabi,28.75,22.89,34.61,227.92,76.69,17.76,13.04,22.45
THENI,2003,Whole Year,31.4,23.5,39.3,455.58,62.0,19.45,13.04,16.25
THENI,2003,Summer,32.03,25.23,38.83,63.34,45.18,24.08,11.39,7.91
THENI,2004,Kharif,29.58,23.83,35.34,282.67,70.38,18.87,14.17,26.55
THENI,2004,Rabi,26.6,21.69,31.52,345.82,76.05,15.45,9.77,25.02
THENI,2004,Whole Year,30.5,23.5,37.5,758.91,70.0,20.41,9.91,25.0
THENI,2004,Summer,32.8,26.47,39.12,25.58,56.7,25.5,8.7,11.4
THENI,2005,Kharif,31.27,24.6,37.94,290.38,78.58,18.4,17.0,26.32
THENI,2005,Rabi,26.46,21.17,31.74,586.9,80.87,17.7,11.34,26.25
THENI,2005,Whole Year,30.5,23.5,37.5,1043.73,70.0,19.55,10.46,25.0
THENI,2005,Summer,31.61,25.66,37.56,104.52,58.14,25.0,10.18,15.24
THENI,2006,Kharif,29.83,24.13,35.53,473.47,77.26,20.43,11.46,30.16
THENI,2006,Rabi,26.23,21.05,31.41,365.72,80.41,17.01,10.46,29.27
THENI,2006,Whole Year,30.5,23.5,37.5,799.37,70.0,19.77,11.46,25.0
THENI,2006,Summer,32.99,26.87,39.12,40.66,57.38,22.66,7.7,11.2
THENI,2007,Kharif,29.33,24.25,34.41,455.67,72.47,20.52,11.69,29.92
THENI,2007,Rabi,25.81,20.52,31.1,535.52,76.84,17.22,13.22,34.34
THENI,2007,Whole Year,30.5,23.5,37.5,803.88,70.0,21.82,9.35,25.0
THENI,2007,Summer,33.41,25.18,41.63,102.79,54.51,26.23,11.09,12.46
THENI,2008,Kharif,29.88,24.32,35.43,387.6,67.73,20.17,10.54,24.83
THENI,2008,Rabi,26.88,21.0,32.77,406.97,77.57,16.31,8.42,27.58
THENI,2008,Whole Year,30.5,23.5,37.5,996.56,70.0,19.54,9.69,25.0
THENI,2008,Summer,31.86,25.31,38.42,44.26,53.05,24.12,7.93,14.17
THENI,2009,Kharif,29.77,23.61,35.94,455.31,79.87,20.64,17.78,27.71
THENI,2009,Rabi,27.51,21.41,33.61,607.88,84.99,18.04,10.91,27.96
THENI,2009,Whole Year,30.5,23.5,37.5,941.34,70.0,21.33,9.13,25.0
THENI,2009,Summer,32.8,26.46,39.13,90.96,50.8,23.92,11.6,14.04
THENI,2010,Kharif,30.09,23.55,36.62,581.31,82.19,22.95,13.03,28.62
THENI,2010,Rabi,27.17,20.72,33.62,423.71,83.33,18.23,12.1,40.69
THENI,2010,Whole Year,30.5,23.5,37.5,1216.67,75.0,20.15,13.06,31.25
THENI,2010,Summer,32.99,25.89,40.09,113.08,62.14,24.64,8.52,12.7
THENI,2011,Kharif,29.7,23.5,35.9,594.15,77.5,18.05,13.27,28.7
THENI,2011,Rabi,26.29,20.24,32.34,607.08,83.65,17.09,8.5,36.98
THENI,2011,Whole Year,30.5,23.5,37.5,1274.19,75.0,20.12,10.96,31.25
THENI,2011,Summer,32.77,25.33,40.22,96.18,60.55,24.17,7.27,16.53
THENI,2012,Kharif,29.02,23.39,34.65,426.4,70.61,18.14,17.63,23.06
THENI,2012,Rabi,27.22,22.0,32.44,602.61,80.81,18.62,11.39,27.05
THENI,2012,Whole Year,30.5,23.5,37.5,943.69,70.0,19.3,9.59,25.0
THENI,2012,Summer,31.92,26.77,37.07,35.44,54.71,22.32,7.03,10.84
THENI,2013,Kharif,29.62,23.13,36.1,353.65,72.31,20.77,10.86,27.1
THENI,2013,Rabi,26.59,20.5,32.68,582.09,76.38,18.3,11.98,31.04
THENI,2013,Whole Year,30.5,23.5,37.5,952.67,70.0,19.36,12.21,25.0
THENI,2013,Summer,31.79,26.2,37.38,40.21,53.36,26.47,9.15,11.12
THIRUVALLUR,1997,Kharif,28.67,23.2,34.14,285.58,72.11,18.46,14.57,22.83
THIRUVALLUR,1997,Rabi,26.2,21.05,31.35,559.54,82.34,18.7,8.41,30.55
THIRUVALLUR,1997,Whole Year,30.5,23.5,37.5,996.86,70.0,21.71,11.41,25.0
THIRUVALLUR,1997,Summer,31.42,25.1,37.73,60.34,56.2,22.7,8.43,14.99
THIRUVALLUR,1998,Kharif,29.38,24.03,34.73,264.6,78.85,19.57,11.02,22.71
THIRUVALLUR,1998,Rabi,26.97,22.24,31.69,395.53,77.26,16.72,12.59,25.27
THIRUVALLUR,1998,Whole Year,30.5,23.5,37.5,806.09,70.0,21.14,9.74,25.0
THIRUVALLUR,1998,Summer,32.8,25.52,40.09,99.94,59.85,25.53,9.86,13.52
THIRUVALLUR,1999,Kharif,29.82,24.71,34.94,431.16,67.24,20.64,11.66,26.14
THIRUVALLUR,1999,Rabi,27.14,22.24,32.05,557.17,75.37,18.7,9.92,30.96
THIRUVALLUR,1999,Whole Year,30.5,23.5,37.5,817.61,70.0,20.08,11.3,25.0
THIRUVALLUR,1999,Summer,33.93,25.62,42.24,98.58,54.94,22.4,11.63,10.23
THIRUVALLUR,2000,Kharif,28.67,23.24,34.1,473.24,65.17,18.08,14.07,27.92
THIRUVALLUR,2000,Rabi,27.38,21.94,32.82,570.59,82.96,18.54,8.95,27.25
THIRUVALLUR,2000,Whole Year,30.5,23.5,37.5,952.28,70.0,21.17,9.54,25.0
THIRUVALLUR,2000,Summer,34.59,26.65,42.54,24.36,53.97,22.95,10.87,16.48
THIRUVALLUR,2001,Kharif,30.43,24.51,36.36,443.78,73.98,21.0,13.3,27.78
THIRUVALLUR,2001,Rabi,26.01,20.12,31.9,371.13,84.58,15.24,13.04,34.1
THIRUVALLUR,2001,Whole Year,30.5,23.5,37.5,816.75,70.0,20.28,9.62,25.0
THIRUVALLUR,2001,Summer,33.01,26.27,39.74,67.09,58.16,23.82,10.13,13.75
THIRUVALLUR,2002,Kharif,31.46,23.32,39.6,262.78,57.71,19.07,10.7,16.63
THIRUVALLUR,2002,Rabi,26.86,20.83,32.9,235.0,67.94,16.64,13.55,18.93
THIRUVALLUR,2002,Whole Year,31.4,23.5,39.3,581.75,62.0,20.16,12.66,16.25
THIRUVALLUR,2002,Summer,32.57,25.51,39.63,47.86,46.2,25.87,7.79,10.87
THIRUVALLUR,2003,Kharif,30.4,23.98,36.82,198.9,57.08,22.75,11.8,19.73
THIRUVALLUR,2003,Rabi,27.14,20.44,33.85,224.59,71.27,18.73,13.13,19.43
THIRUVALLUR,2003,Whole Year,31.4,23.5,39.3,562.06,62.0,20.23,13.72,16.25
THIRUVALLUR,2003,Summer,32.78,25.02,40.53,63.58,37.74,24.13,9.07,10.74
THIRUVALLUR,2004,Kharif,29.36,23.11,35.61,366.28,70.01,19.04,17.97,23.14
THIRUVALLUR,2004,Rabi,26.41,20.56,32.26,334.98,78.25,15.33,13.89,27.65
THIRUVALLUR,2004,Whole Year,30.5,23.5,37.5,1010.54,70.0,20.28,12.4,25.0
THIRUVALLUR,2004,Summer,32.03,26.49,37.56,93.49,49.25,22.49,10.65,14.48
THIRUVALLUR,2005,Kharif,30.98,24.66,37.3,411.92,72.6,18.89,14.32,22.88
THIRUVALLUR,2005,Rabi,27.09,22.45,31.72,511.44,81.8,15.29,11.91,25.35
THIRUVALLUR,2005,Whole Year,30.5,23.5,37.5,1069.04,70.0,21.34,12.62,25.0
THIRUVALLUR,2005,Summer,34.72,26.52,42.93,103.72,52.65,22.16,9.56,11.15
THIRUVALLUR,2006,Kharif,30.88,23.81,37.95,424.73,69.83,19.97,17.56,22.35
THIRUVALLUR,2006,Rabi,25.78,20.33,31.22,437.3,82.45,16.58,11.43,29.91
THIRUVALLUR,2006,Whole Year,30.5,23.5,37.5,958.51,70.0,19.51,11.89,25.0
THIRUVALLUR,2006,Summer,31.59,25.03,38.16,27.99,54.12,23.68,7.63,14.29
THIRUVALLUR,2007,Kharif,30.74,24.12,37.35,350.99,79.78,21.9,13.9,26.77
THIRUVALLUR,2007,Rabi,26.86,20.4,33.32,512.44,77.67,16.64,12.72,31.27
THIRUVALLUR,2007,Whole Year,30.5,23.5,37.5,1087.99,70.0,21.62,11.14,25.0
THIRUVALLUR,2007,Summer,32.08,26.41,37.74,58.08,56.6,22.08,7.69,13.4
THIRUVALLUR,2008,Kharif,29.25,23.22,35.28,355.0,70.76,19.84,15.78,26.31
THIRUVALLUR,2008,Rabi,27.8,21.77,33.83,394.53,83.33,17.06,10.65,25.63
THIRUVALLUR,2008,Whole Year,30.5,23.5,37.5,1051.93,70.0,19.81,12.4,25.0
THIRUVALLUR,2008,Summer,32.73,25.25,40.22,78.66,54.9,25.27,10.28,13.34
THIRUVALLUR,2009,Kharif,29.39,23.73,35.05,402.85,75.09,20.22,11.99,29.28
THIRUVALLUR,2009,Rabi,25.95,20.74,31.17,461.91,75.92,16.28,10.53,26.77
THIRUVALLUR,2009,Whole Year,30.5,23.5,37.5,908.56,70.0,21.12,11.18,25.0
THIRUVALLUR,2009,Summer,33.01,26.53,39.49,74.4,45.95,24.25,11.44,17.38
THIRUVALLUR,2010,Kharif,29.24,23.88,34.59,586.13,82.94,22.34,17.6,30.02
THIRUVALLUR,2010,Rabi,27.53,22.0,33.06,628.46,88.68,16.02,11.95,43.01
THIRUVALLUR,2010,Whole Year,30.5,23.5,37.5,1060.07,75.0,19.92,11.04,31.25
THIRUVALLUR,2010,Summer,32.44,26.83,38.06,72.57,63.88,23.63,8.22,20.6
THIRUVALLUR,2011,Kharif,30.69,23.78,37.59,393.12,71.22,19.77,10.45,37.61
THIRUVALLUR,2011,Rabi,26.93,22.44,31.42,718.43,87.12,15.23,11.06,36.86
THIRUVALLUR,2011,Whole Year,30.5,23.5,37.5,1141.87,75.0,19.38,12.94,31.25
THIRUVALLUR,2011,Summer,33.13,26.52,39.75,129.86,60.23,22.16,11.45,17.13
THIRUVALLUR,2012,Kharif,30.11,24.01,36.21,297.33,75.72,19.16,12.41,27.56
THIRUVALLUR,2012,Rabi,26.97,20.75,33.19,334.82,82.55,17.65,11.63,34.67
THIRUVALLUR,2012,Whole Year,30.5,23.5,37.5,863.63,70.0,21.05,11.87,25.0
THIRUVALLUR,2012,Summer,33.98,26.22,41.73,57.69,51.62,24.52,9.56,13.43
THIRUVALLUR,2013,Kharif,29.81,24.66,34.96,284.87,75.85,21.72,15.11,30.43
THIRUVALLUR,2013,Rabi,27.83,22.21,33.46,366.56,75.68,15.0,11.48,32.79
THIRUVALLUR,2013,Whole Year,30.5,23.5,37.5,1038.86,70.0,20.41,9.29,25.0
THIRUVALLUR,2013,Summer,34.72,26.93,42.5,30.29,48.23,22.31,7.92,11.22
THIRUVARUR,1997,Kharif,30.53,24.95,36.12,325.43,84.6,18.01,16.18,29.7
THIRUVARUR,1997,Rabi,27.55,23.24,31.86,560.95,83.15,16.8,11.3,34.42
THIRUVARUR,1997,Whole Year,31.0,24.0,38.0,1084.7,75.0,19.21,12.7,28.0
THIRUVARUR,1997,Summer,32.55,26.91,38.19,35.5,61.44,24.83,9.36,12.1
THIRUVARUR,1998,Kharif,30.02,25.44,34.6,400.12,81.82,20.87,16.48,27.38
THIRUVARUR,1998,Rabi,28.49,23.08,33.91,609.58,85.89,18.55,11.78,33.89
THIRUVARUR,1998,Whole Year,31.0,24.0,38.0,1050.97,75.0,20.85,11.58,28.0
THIRUVARUR,1998,Summer,35.09,26.95,43.22,121.77,62.5,24.39,10.95,11.66
THIRUVARUR,1999,Kharif,30.97,25.25,36.68,301.14,82.49,22.37,15.89,33.01
THIRUVARUR,1999,Rabi,26.71,21.48,31.93,363.33,88.48,17.83,10.39,36.92
THIRUVARUR,1999,Whole Year,31.0,24.0,38.0,862.38,75.0,19.96,10.71,28.0
THIRUVARUR,1999,Summer,34.62,27.29,41.95,103.57,56.25,23.88,10.04,18.75
THIRUVARUR,2000,Kharif,30.31,24.78,35.84,450.93,80.25,20.29,16.88,27.75
THIRUVARUR,2000,Rabi,27.54,21.58,33.5,456.81,80.19,18.31,10.89,29.07
THIRUVARUR,2000,Whole Year,31.0,24.0,38.0,1242.18,75.0,19.89,11.37,28.0
THIRUVARUR,2000,Summer,33.13,26.53,39.72,40.48,54.44,22.88,10.41,17.94
THIRUVARUR,2001,Kharif,31.44,25.45,37.43,454.78,72.94,21.1,13.37,24.75
THIRUVARUR,2001,Rabi,28.17,21.93,34.42,581.7,83.31,17.25,12.43,29.75
THIRUVARUR,2001,Whole Year,31.0,24.0,38.0,1062.11,75.0,20.52,10.88,28.0
THIRUVARUR,2001,Summer,33.45,26.01,40.89,95.65,56.06,25.51,10.17,16.89
THIRUVARUR,2002,Kharif,32.37,25.05,39.68,199.89,67.1,22.45,10.87,21.78
THIRUVARUR,2002,Rabi,27.96,22.07,33.85,367.73,74.84,17.71,12.75,22.34
THIRUVARUR,2002,Whole Year,31.9,24.0,39.8,702.07,67.0,21.81,11.75,18.2
THIRUVARUR,2002,Summer,35.38,27.2,43.56,39.92,49.03,24.82,10.59,10.77
THIRUVARUR,2003,Kharif,32.16,25.03,39.29,298.47,62.57,19.54,17.82,16.76
THIRUVARUR,2003,Rabi,29.01,22.95,35.07,283.26,78.57,16.05,10.56,25.47
THIRUVARUR,2003,Whole Year,31.9,24.0,39.8,598.11,67.0,19.26,12.71,18.2
THIRUVARUR,2003,Summer,34.15,26.32,41.97,70.08,54.8,24.2,7.96,7.74
THIRUVARUR,2004,Kharif,31.45,24.62,38.29,475.96,73.52,20.31,16.38,25.99
THIRUVARUR,2004,Rabi,27.47,22.89,32.04,567.11,80.29,17.35,12.95,36.77
THIRUVARUR,2004,Whole Year,31.0,24.0,38.0,1120.07,75.0,19.66,13.08,28.0
THIRUVARUR,2004,Summer,32.09,25.59,38.6,116.96,52.21,26.41,8.6,19.05
THIRUVARUR,2005,Kharif,30.17,25.14,35.2,320.96,76.42,18.06,13.05,30.81
THIRUVARUR,2005,Rabi,28.61,23.27,33.96,456.07,80.46,16.5,8.83,36.91
THIRUVARUR,2005,Whole Year,31.0,24.0,38.0,980.28,75.0,19.35,11.27,28.0
THIRUVARUR,2005,Summer,32.87,26.6,39.15,58.16,53.47,24.87,8.07,19.16
THIRUVARUR,2006,Kharif,30.76,24.89,36.63,437.92,73.2,19.46,13.85,26.67
THIRUVARUR,2006,Rabi,27.96,22.58,33.34,611.67,88.01,15.49,12.42,38.49
THIRUVARUR,2006,Whole Year,31.0,24.0,38.0,1083.91,75.0,20.81,13.78,28.0
THIRUVARUR,2006,Summer,33.3,25.76,40.85,102.4,62.29,23.86,10.58,13.62
THIRUVARUR,2007,Kharif,29.89,24.59,35.19,520.25,83.44,20.39,11.54,31.41
THIRUVARUR,2007,Rabi,27.52,22.86,32.19,695.74,81.0,16.52,11.33,29.21
THIRUVARUR,2007,Whole Year,31.0,24.0,38.0,856.36,75.0,20.63,9.57,28.0
THIRUVARUR,2007,Summer,33.74,27.0,40.48,60.23,54.34,26.33,10.77,19.6
THIRUVARUR,2008,Kharif,30.22,24.72,35.72,347.57,83.27,19.95,15.69,31.36
THIRUVARUR,2008,Rabi,28.73,23.33,34.14,524.45,82.24,18.92,12.52,34.91
THIRUVARUR,2008,Whole Year,31.0,24.0,38.0,1255.12,75.0,21.27,9.61,28.0
THIRUVARUR,2008,Summer,33.3,25.52,41.09,55.38,52.74,22.22,10.27,12.54
THIRUVARUR,2009,Kharif,30.62,25.32,35.92,383.8,79.01,20.83,15.5,25.75
THIRUVARUR,2009,Rabi,27.48,20.89,34.08,429.1,84.74,16.95,13.53,38.14
THIRUVARUR,2009,Whole Year,31.0,24.0,38.0,868.34,75.0,21.87,9.34,28.0
THIRUVARUR,2009,Summer,32.89,26.4,39.37,64.56,55.6,24.63,7.84,19.35
THIRUVARUR,2010,Kharif,30.66,25.44,35.87,644.73,87.76,21.99,12.98,39.18
THIRUVARUR,2010,Rabi,27.22,21.21,33.23,770.06,90.54,15.22,9.64,44.84
THIRUVARUR,2010,Whole Year,31.0,24.0,38.0,1223.88,80.0,20.37,11.67,35.0
THIRUVARUR,2010,Summer,32.61,26.16,39.05,110.76,61.05,25.8,9.76,17.1
THIRUVARUR,2011,Kharif,29.69,24.45,34.93,581.3,88.74,20.65,12.34,35.43
THIRUVARUR,2011,Rabi,27.37,20.79,33.94,827.01,90.64,16.59,8.79,48.66
THIRUVARUR,2011,Whole Year,31.0,24.0,38.0,1189.79,80.0,19.76,12.82,35.0
THIRUVARUR,2011,Summer,33.9,26.8,41.0,132.57,61.66,24.21,7.25,19.12
THIRUVARUR,2012,Kharif,31.31,24.59,38.02,406.74,79.45,21.87,13.74,26.72
THIRUVARUR,2012,Rabi,27.5,20.82,34.19,670.26,82.73,16.26,13.51,29.41
THIRUVARUR,2012,Whole Year,31.0,24.0,38.0,1115.47,75.0,19.88,12.61,28.0
THIRUVARUR,2012,Summer,32.89,25.83,39.95,40.44,54.02,22.25,7.07,18.57
THIRUVARUR,2013,Kharif,30.35,23.87,36.83,461.67,84.29,18.31,11.73,31.97
THIRUVARUR,2013,Rabi,27.41,22.71,32.12,508.81,87.24,15.84,10.58,33.81
THIRUVARUR,2013,Whole Year,31.0,24.0,38.0,912.33,75.0,20.43,13.33,28.0
THIRUVARUR,2013,Summer,33.26,26.01,40.52,37.83,64.65,22.3,10.75,17.12
TIRUCHIRAPPALLI,1997,Kharif,29.37,23.51,35.23,277.46,75.71,22.61,13.62,28.89
TIRUCHIRAPPALLI,1997,Rabi,27.19,20.82,33.56,317.89,84.55,18.46,13.26,34.96
TIRUCHIRAPPALLI,1997,Whole Year,30.5,23.5,37.5,971.33,70.0,19.25,13.11,25.0
TIRUCHIRAPPALLI,1997,Summer,34.08,26.73,41.43,59.53,59.9,23.96,10.98,10.66
TIRUCHIRAPPALLI,1998,Kharif,30.4,25.0,35.81,257.93,79.02,22.12,15.04,21.42
TIRUCHIRAPPALLI,1998,Rabi,27.15,21.29,33.01,490.71,84.47,18.33,10.19,31.95
TIRUCHIRAPPALLI,1998,Whole Year,30.5,23.5,37.5,905.7,70.0,21.79,12.09,25.0
TIRUCHIRAPPALLI,1998,Summer,32.92,25.84,40.0,55.44,57.78,23.23,8.66,11.16
TIRUCHIRAPPALLI,1999,Kharif,28.69,23.37,34.01,459.8,66.92,18.25,17.96,31.25
TIRUCHIRAPPALLI,1999,Rabi,26.91,22.42,31.4,370.26,80.11,16.28,10.02,33.1
TIRUCHIRAPPALLI,1999,Whole Year,30.5,23.5,37.5,1063.59,70.0,21.91,11.57,25.0
TIRUCHIRAPPALLI,1999,Summer,33.42,26.51,40.33,99.01,59.54,26.1,8.13,12.33
TIRUCHIRAPPALLI,2000,Kharif,30.96,24.27,37.66,296.46,68.35,21.66,17.48,22.3
TIRUCHIRAPPALLI,2000,Rabi,27.59,21.43,33.74,583.03,84.48,18.61,9.89,27.08
TIRUCHIRAPPALLI,2000,Whole Year,30.5,23.5,37.5,1067.74,70.0,21.14,10.89,25.0
TIRUCHIRAPPALLI,2000,Summer,32.21,25.57,38.84,73.42,56.5,24.53,11.62,15.79
TIRUCHIRAPPALLI,2001,Kharif,29.34,23.69,34.98,271.59,75.66,20.88,11.7,30.6
TIRUCHIRAPPALLI,2001,Rabi,27.03,21.34,32.72,401.47,83.79,18.57,12.29,25.99
TIRUCHIRAPPALLI,2001,Whole Year,30.5,23.5,37.5,767.05,70.0,20.41,9.71,25.0
TIRUCHIRAPPALLI,2001,Summer,32.18,26.34,38.03,49.47,45.86,25.39,7.69,15.02
TIRUCHIRAPPALLI,2002,Kharif,32.34,24.94,39.73,225.0,64.58,19.2,13.66,17.23
TIRUCHIRAPPALLI,2002,Rabi,26.98,21.03,32.94,248.94,70.87,15.6,9.44,17.79
TIRUCHIRAPPALLI,2002,Whole Year,31.4,23.5,39.3,620.53,62.0,21.06,13.61,16.25
TIRUCHIRAPPALLI,2002,Summer,35.24,26.38,44.09,59.02,45.28,24.83,9.99,8.0
TIRUCHIRAPPALLI,2003,Kharif,30.48,24.48,36.48,265.53,65.0,19.69,14.08,14.34
TIRUCHIRAPPALLI,2003,Rabi,28.88,22.68,35.08,352.63,70.2,16.64,10.24,19.36
TIRUCHIRAPPALLI,2003,Whole Year,31.4,23.5,39.3,533.01,62.0,20.16,12.3,16.25
TIRUCHIRAPPALLI,2003,Summer,35.46,26.46,44.46,29.59,48.78,26.37,8.14,9.12
TIRUCHIRAPPALLI,2004,Kharif,29.33,24.34,34.31,468.0,70.61,21.22,16.9,26.78
TIRUCHIRAPPALLI,2004,Rabi,27.11,20.86,33.35,427.06,81.29,15.82,8.33,34.87
TIRUCHIRAPPALLI,2004,Whole Year,30.5,23.5,37.5,770.08,70.0,20.29,9.34,25.0
TIRUCHIRAPPALLI,2004,Summer,31.4,25.15,37.66,91.54,49.26,22.2,10.61,17.27
TIRUCHIRAPPALLI,2005,Kharif,29.56,23.96,35.16,377.93,66.82,22.78,12.92,25.82
TIRUCHIRAPPALLI,2005,Rabi,26.44,21.8,31.08,319.74,80.62,17.01,13.92,27.63
TIRUCHIRAPPALLI,2005,Whole Year,30.5,23.5,37.5,871.6,70.0,21.96,9.24,25.0
TIRUCHIRAPPALLI,2005,Summer,31.66,25.71,37.61,105.67,55.68,25.66,11.56,16.35
TIRUCHIRAPPALLI,2006,Kharif,30.89,23.89,37.89,406.99,76.79,19.22,13.35,27.23
TIRUCHIRAPPALLI,2006,Rabi,28.23,22.56,33.9,343.03,82.33,15.23,8.62,31.23
TIRUCHIRAPPALLI,2006,Whole Year,30.5,23.5,37.5,902.51,70.0,19.01,10.97,25.0
TIRUCHIRAPPALLI,2006,Summer,34.36,26.5,42.23,84.62,48.94,26.28,10.55,11.2
TIRUCHIRAPPALLI,2007,Kharif,28.79,23.13,34.45,300.13,69.28,18.88,10.15,25.84
TIRUCHIRAPPALLI,2007,Rabi,26.6,20.94,32.26,381.69,83.83,16.55,13.03,26.78
TIRUCHIRAPPALLI,2007,Whole Year,30.5,23.5,37.5,858.68,70.0,21.41,9.15,25.0
TIRUCHIRAPPALLI,2007,Summer,32.27,25.16,39.38,108.46,49.48,26.27,7.33,15.42
TIRUCHIRAPPALLI,2008,Kharif,30.6,23.25,37.95,264.98,66.25,21.66,10.31,21.36
TIRUCHIRAPPALLI,2008,Rabi,26.98,21.36,32.59,498.77,75.14,17.01,9.72,32.56
TIRUCHIRAPPALLI,2008,Whole Year,30.5,23.5,37.5,864.14,70.0,20.07,12.27,25.0
TIRUCHIRAPPALLI,2008,Summer,31.51,25.68,37.35,77.37,50.13,24.06,11.14,10.07
TIRUCHIRAPPALLI,2009,Kharif,29.28,23.06,35.5,389.13,65.51,21.54,14.35,30.85
TIRUCHIRAPPALLI,2009,Rabi,27.45,21.73,33.17,332.07,75.65,18.8,9.52,34.12
TIRUCHIRAPPALLI,2009,Whole Year,30.5,23.5,37.5,768.25,70.0,20.91,11.76,25.0
TIRUCHIRAPPALLI,2009,Summer,32.25,25.07,39.42,26.36,52.89,25.71,7.26,10.27
TIRUCHIRAPPALLI,2010,Kharif,30.33,23.36,37.3,392.28,79.86,18.32,16.12,30.38
TIRUCHIRAPPALLI,2010,Rabi,27.67,22.31,33.03,768.17,80.42,15.57,9.53,42.85
TIRUCHIRAPPALLI,2010,Whole Year,30.5,23.5,37.5,1376.43,75.0,21.72,10.89,31.25
TIRUCHIRAPPALLI,2010,Summer,32.34,26.54,38.15,129.97,61.53,24.39,8.66,17.18
TIRUCHIRAPPALLI,2011,Kharif,29.74,24.31,35.17,457.54,74.99,22.2,14.65,28.76
TIRUCHIRAPPALLI,2011,Rabi,26.73,22.29,31.16,522.29,86.7,15.73,8.6,35.26
TIRUCHIRAPPALLI,2011,Whole Year,30.5,23.5,37.5,1249.83,75.0,20.42,10.66,31.25
TIRUCHIRAPPALLI,2011,Summer,32.52,25.23,39.81,80.95,64.53,24.88,9.3,13.86
TIRUCHIRAPPALLI,2012,Kharif,29.66,24.51,34.81,284.56,71.53,19.82,12.88,23.77
TIRUCHIRAPPALLI,2012,Rabi,27.17,21.69,32.64,498.15,77.2,17.91,8.16,32.5
TIRUCHIRAPPALLI,2012,Whole Year,30.5,23.5,37.5,840.13,70.0,20.11,11.9,25.0
TIRUCHIRAPPALLI,2012,Summer,32.65,25.78,39.53,104.92,47.13,23.01,9.94,15.41
TIRUCHIRAPPALLI,2013,Kharif,29.32,24.57,34.07,473.01,79.38,19.6,11.91,22.8
TIRUCHIRAPPALLI,2013,Rabi,27.1,20.94,33.27,439.07,77.43,16.79,11.1,30.43
TIRUCHIRAPPALLI,2013,Whole Year,30.5,23.5,37.5,899.16,70.0,19.01,11.36,25.0
TIRUCHIRAPPALLI,2013,Summer,33.32,26.31,40.34,28.21,46.81,25.94,9.82,15.53
TIRUNELVELI,1997,Kharif,30.24,24.12,36.36,393.98,70.31,22.8,14.82,31.16
TIRUNELVELI,1997,Rabi,26.4,21.7,31.1,402.61,81.51,18.64,11.69,29.72
TIRUNELVELI,1997,Whole Year,30.5,23.5,37.5,765.71,70.0,19.43,9.27,25.0
TIRUNELVELI,1997,Summer,33.78,25.58,41.99,36.6,55.12,24.16,7.71,13.12
TIRUNELVELI,1998,Kharif,29.97,23.07,36.88,294.46,66.48,20.23,17.9,29.18
TIRUNELVELI,1998,Rabi,26.6,22.12,31.08,436.26,76.61,15.72,8.97,32.2
TIRUNELVELI,1998,Whole Year,30.5,23.5,37.5,749.19,70.0,20.69,12.76,25.0
TIRUNELVELI,1998,Summer,34.52,26.69,42.36,28.98,49.76,22.77,11.03,14.29
TIRUNELVELI,1999,Kharif,29.6,23.82,35.38,320.14,71.95,21.79,11.35,29.41
TIRUNELVELI,1999,Rabi,26.96,21.56,32.36,314.25,76.24,16.73,13.89,27.5
TIRUNELVELI,1999,Whole Year,30.5,23.5,37.5,739.77,70.0,20.31,9.08,25.0
TIRUNELVELI,1999,Summer,32.73,26.33,39.12,22.29,48.31,26.11,11.99,13.82
TIRUNELVELI,2000,Kharif,30.63,24.39,36.87,420.21,70.69,20.83,16.57,23.14
TIRUNELVELI,2000,Rabi,27.78,22.94,32.62,514.5,80.75,17.38,10.36,31.51
TIRUNELVELI,2000,Whole Year,30.5,23.5,37.5,751.75,70.0,19.45,11.22,25.0
TIRUNELVELI,2000,Summer,32.99,25.11,40.87,53.46,53.13,25.81,9.71,10.36
TIRUNELVELI,2001,Kharif,29.86,24.17,35.55,456.3,69.58,18.32,12.84,21.69
TIRUNELVELI,2001,Rabi,26.64,20.5,32.77,454.21,78.6,16.67,12.73,26.8
TIRUNELVELI,2001,Whole Year,30.5,23.5,37.5,762.29,70.0,20.69,13.29,25.0
TIRUNELVELI,2001,Summer,33.83,25.88,41.78,100.93,58.85,24.65,11.16,14.83
TIRUNELVELI,2002,Kharif,31.38,23.82,38.95,248.26,64.52,18.22,14.91,15.2
TIRUNELVELI,2002,Rabi,28.54,22.24,34.84,269.51,74.17,16.57,13.22,19.03
TIRUNELVELI,2002,Whole Year,31.4,23.5,39.3,550.64,62.0,19.38,11.52,16.25
TIRUNELVELI,2002,Summer,34.95,26.52,43.38,51.09,51.76,24.22,7.23,9.28
TIRUNELVELI,2003,Kharif,31.23,23.2,39.27,186.86,59.1,21.96,14.37,16.57
TIRUNELVELI,2003,Rabi,27.06,20.57,33.56,227.13,73.12,16.09,10.56,19.21
TIRUNELVELI,2003,Whole Year,31.4,23.5,39.3,486.87,62.0,19.19,12.83,16.25
TIRUNELVELI,2003,Summer,33.91,25.43,42.39,21.12,44.86,22.8,11.41,9.9
TIRUNELVELI,2004,Kharif,29.47,24.94,34.01,474.81,65.6,22.33,17.65,24.33
TIRUNELVELI,2004,Rabi,27.16,21.38,32.94,469.99,77.14,17.32,9.55,26.65
TIRUNELVELI,2004,Whole Year,30.5,23.5,37.5,922.03,70.0,20.12,9.14,25.0
TIRUNELVELI,2004,Summer,31.17,25.1,37.24,101.83,57.15,22.64,7.35,13.19
TIRUNELVELI,2005,Kharif,30.72,23.83,37.61,430.65,67.39,18.84,10.07,28.13
TIRUNELVELI,2005,Rabi,27.18,22.95,31.42,505.27,76.5,15.61,9.4,28.85
TIRUNELVELI,2005,Whole Year,30.5,23.5,37.5,738.89,70.0,21.24,12.87,25.0
TIRUNELVELI,2005,Summer,34.03,26.27,41.79,47.23,45.21,23.79,10.34,12.42
TIRUNELVELI,2006,Kharif,30.34,24.1,36.58,334.33,74.85,18.73,13.87,23.98
TIRUNELVELI,2006,Rabi,26.86,20.24,33.47,459.79,79.54,18.34,12.14,31.83
TIRUNELVELI,2006,Whole Year,30.5,23.5,37.5,937.76,70.0,21.59,9.95,25.0
TIRUNELVELI,2006,Summer,32.7,25.28,40.12,76.96,45.56,23.91,10.34,13.92
TIRUNELVELI,2007,Kharif,29.54,23.14,35.95,314.15,72.24,22.58,14.01,22.71
TIRUNELVELI,2007,Rabi,26.77,21.38,32.16,509.98,77.41,16.29,11.1,26.18
TIRUNELVELI,2007,Whole Year,30.5,23.5,37.5,813.47,70.0,21.4,13.7,25.0
TIRUNELVELI,2007,Summer,33.84,25.06,42.62,105.28,47.68,25.31,8.16,13.31
TIRUNELVELI,2008,Kharif,30.56,24.2,36.92,362.57,70.4,22.07,16.0,24.94
TIRUNELVELI,2008,Rabi,27.71,21.74,33.68,535.61,81.9,17.85,8.61,30.64
TIRUNELVELI,2008,Whole Year,30.5,23.5,37.5,843.09,70.0,19.25,12.66,25.0
TIRUNELVELI,2008,Summer,32.63,26.39,38.86,78.59,50.01,24.13,9.78,16.37
TIRUNELVELI,2009,Kharif,29.52,24.79,34.26,402.5,74.06,18.93,14.18,28.71
TIRUNELVELI,2009,Rabi,26.8,20.8,32.79,349.44,78.04,16.62,12.73,30.44
TIRUNELVELI,2009,Whole Year,30.5,23.5,37.5,1005.82,70.0,21.77,12.12,25.0
TIRUNELVELI,2009,Summer,32.18,26.53,37.84,22.13,57.37,23.21,8.35,15.0
TIRUNELVELI,2010,Kharif,30.22,24.7,35.74,336.29,73.92,18.21,15.68,30.99
TIRUNELVELI,2010,Rabi,27.42,21.56,33.28,748.63,85.17,17.6,12.42,34.82
TIRUNELVELI,2010,Whole Year,30.5,23.5,37.5,1295.15,75.0,20.96,11.22,31.25
TIRUNELVELI,2010,Summer,34.58,26.32,42.84,141.95,54.57,23.73,10.76,18.87
TIRUNELVELI,2011,Kharif,29.22,23.91,34.53,606.59,73.49,19.97,12.74,28.48
TIRUNELVELI,2011,Rabi,28.36,22.93,33.79,699.02,80.21,17.75,8.78,40.3
TIRUNELVELI,2011,Whole Year,30.5,23.5,37.5,1198.48,75.0,21.93,11.16,31.25
TIRUNELVELI,2011,Summer,31.37,25.5,37.25,136.12,56.56,23.41,7.63,18.51
TIRUNELVELI,2012,Kharif,28.92,23.51,34.34,293.96,70.78,22.26,17.86,28.7
TIRUNELVELI,2012,Rabi,28.35,22.98,33.71,317.33,83.97,16.64,12.45,25.87
TIRUNELVELI,2012,Whole Year,30.5,23.5,37.5,796.69,70.0,20.35,9.19,25.0
TIRUNELVELI,2012,Summer,33.87,26.22,41.51,79.9,54.72,22.04,8.35,15.82
TIRUNELVELI,2013,Kharif,29.91,24.32,35.51,273.98,74.03,21.11,13.45,28.86
TIRUNELVELI,2013,Rabi,26.81,20.37,33.25,477.38,84.36,16.53,11.93,30.75
TIRUNELVELI,2013,Whole Year,30.5,23.5,37.5,1045.7,70.0,20.5,11.77,25.0
TIRUNELVELI,2013,Summer,31.97,26.09,37.84,100.37,47.07,25.16,8.74,12.66
TIRUPPUR,1997,Kharif,28.62,23.93,33.31,290.38,59.75,18.5,12.01,21.99
TIRUPPUR,1997,Rabi,25.75,20.53,30.97,469.49,78.51,15.22,13.91,23.52
TIRUPPUR,1997,Whole Year,29.5,22.5,36.5,671.44,64.0,21.51,12.44,22.0
TIRUPPUR,1997,Summer,33.27,25.88,40.65,63.12,39.74,26.1,11.88,11.8
TIRUPPUR,1998,Kharif,29.72,22.59,36.85,201.97,70.83,18.27,17.99,18.82
TIRUPPUR,1998,Rabi,25.95,20.34,31.56,315.64,76.32,16.03,9.74,23.59
TIRUPPUR,1998,Whole Year,29.5,22.5,36.5,781.65,64.0,19.51,13.49,22.0
TIRUPPUR,1998,Summer,32.27,25.42,39.11,50.12,43.46,23.05,11.19,13.67
TIRUPPUR,1999,Kharif,28.4,23.31,33.48,288.82,73.71,18.12,16.76,24.86
TIRUPPUR,1999,Rabi,26.44,21.45,31.43,393.77,75.97,18.69,13.24,24.89
TIRUPPUR,1999,Whole Year,29.5,22.5,36.5,610.57,64.0,19.31,13.84,22.0
TIRUPPUR,1999,Summer,32.5,24.09,40.92,85.05,49.89,25.72,9.51,14.07
TIRUPPUR,2000,Kharif,29.58,22.78,36.38,270.26,73.84,19.1,15.38,25.76
TIRUPPUR,2000,Rabi,25.56,20.24,30.87,377.71,74.05,15.76,12.58,24.35
TIRUPPUR,2000,Whole Year,29.5,22.5,36.5,815.65,64.0,19.64,11.51,22.0
TIRUPPUR,2000,Summer,33.29,24.61,41.97,36.01,44.47,22.69,11.1,14.49
TIRUPPUR,2001,Kharif,29.5,22.22,36.78,263.06,69.0,19.58,16.43,22.36
TIRUPPUR,2001,Rabi,25.37,20.34,30.4,447.67,73.83,17.56,12.02,24.41
TIRUPPUR,2001,Whole Year,29.5,22.5,36.5,804.96,64.0,21.5,11.58,22.0
TIRUPPUR,2001,Summer,30.58,24.2,36.97,45.93,53.34,23.79,11.99,11.86
TIRUPPUR,2002,Kharif,30.36,23.16,37.55,126.0,56.31,20.67,13.87,15.83
TIRUPPUR,2002,Rabi,27.3,21.58,33.01,237.12,64.02,17.45,13.75,19.62
TIRUPPUR,2002,Whole Year,30.4,22.5,38.3,470.97,56.0,19.53,12.92,14.3
TIRUPPUR,2002,Summer,34.31,25.11,43.51,35.72,42.74,23.41,8.6,6.91
TIRUPPUR,2003,Kharif,29.3,22.46,36.15,141.24,59.94,20.32,10.18,13.75
TIRUPPUR,2003,Rabi,27.99,21.89,34.1,283.2,66.0,17.23,13.07,14.41
TIRUPPUR,2003,Whole Year,30.4,22.5,38.3,373.65,56.0,20.96,12.71,14.3
TIRUPPUR,2003,Summer,34.09,24.75,43.44,26.64,37.67,26.3,11.5,5.85
TIRUPPUR,2004,Kharif,29.63,23.3,35.96,201.75,71.94,20.51,10.69,22.59
TIRUPPUR,2004,Rabi,25.81,20.52,31.1,351.83,77.91,16.3,13.77,28.05
TIRUPPUR,2004,Whole Year,29.5,22.5,36.5,834.05,64.0,19.63,11.46,22.0
TIRUPPUR,2004,Summer,30.69,24.87,36.51,51.4,41.09,22.23,10.21,15.33
TIRUPPUR,2005,Kharif,28.58,22.95,34.21,302.68,67.12,18.53,11.71,24.59
TIRUPPUR,2005,Rabi,25.63,20.22,31.03,478.65,75.45,15.92,10.83,28.26
TIRUPPUR,2005,Whole Year,29.5,22.5,36.5,769.53,64.0,19.74,12.24,22.0
TIRUPPUR,2005,Summer,32.04,25.33,38.75,63.53,45.29,25.21,8.91,13.76
TIRUPPUR,2006,Kharif,28.86,23.97,33.75,369.77,60.3,21.31,17.33,26.26
TIRUPPUR,2006,Rabi,26.11,19.26,32.95,328.35,72.3,15.48,9.21,27.75
TIRUPPUR,2006,Whole Year,29.5,22.5,36.5,671.37,64.0,20.02,12.23,22.0
TIRUPPUR,2006,Summer,31.06,25.79,36.34,72.77,42.15,23.73,9.97,10.37
TIRUPPUR,2007,Kharif,28.21,23.26,33.15,248.88,59.25,20.12,14.16,23.06
TIRUPPUR,2007,Rabi,25.8,20.98,30.62,351.83,77.7,18.93,9.88,30.57
TIRUPPUR,2007,Whole Year,29.5,22.5,36.5,701.15,64.0,20.84,13.02,22.0
TIRUPPUR,2007,Summer,31.27,25.28,37.25,36.16,41.42,26.21,7.64,13.38
TIRUPPUR,2008,Kharif,30.22,23.93,36.5,349.66,70.62,22.12,14.83,20.0
TIRUPPUR,2008,Rabi,24.84,19.26,30.42,296.4,73.33,16.99,8.58,28.7
TIRUPPUR,2008,Whole Year,29.5,22.5,36.5,615.54,64.0,20.96,11.26,22.0
TIRUPPUR,2008,Summer,31.08,24.38,37.77,75.1,50.22,24.58,9.43,11.13
TIRUPPUR,2009,Kharif,29.28,23.98,34.59,222.05,62.38,21.44,14.57,23.34
TIRUPPUR,2009,Rabi,25.33,20.31,30.36,281.75,74.43,16.63,10.78,29.74
TIRUPPUR,2009,Whole Year,29.5,22.5,36.5,629.33,64.0,21.73,13.29,22.0
TIRUPPUR,2009,Summer,32.02,24.2,39.85,77.0,39.13,24.12,11.31,14.76
TIRUPPUR,2010,Kharif,29.08,23.38,34.77,390.95,69.24,19.61,13.05,28.04
TIRUPPUR,2010,Rabi,26.33,21.24,31.42,559.41,80.24,16.52,8.94,36.56
TIRUPPUR,2010,Whole Year,29.5,22.5,36.5,940.24,69.0,21.91,10.26,27.5
TIRUPPUR,2010,Summer,30.85,25.65,36.05,29.89,53.22,22.89,7.19,12.86
TIRUPPUR,2011,Kharif,29.24,22.54,35.94,295.69,78.05,18.8,10.71,25.17
TIRUPPUR,2011,Rabi,26.74,21.58,31.9,363.64,80.34,16.11,9.49,37.37
TIRUPPUR,2011,Whole Year,29.5,22.5,36.5,829.05,69.0,21.59,10.52,27.5
TIRUPPUR,2011,Summer,32.95,24.02,41.89,96.83,45.98,25.7,10.15,17.67
TIRUPPUR,2012,Kharif,29.56,22.74,36.37,363.26,70.3,22.82,13.59,26.84
TIRUPPUR,2012,Rabi,25.71,21.32,30.09,272.91,70.6,18.3,10.41,24.05
TIRUPPUR,2012,Whole Year,29.5,22.5,36.5,809.93,64.0,19.61,9.39,22.0
TIRUPPUR,2012,Summer,30.74,25.07,36.42,36.56,43.49,23.69,7.44,11.46
TIRUPPUR,2013,Kharif,28.49,22.97,34.0,231.13,70.43,18.34,17.65,18.77
TIRUPPUR,2013,Rabi,25.22,20.05,30.4,374.27,70.87,15.14,13.16,25.73
TIRUPPUR,2013,Whole Year,29.5,22.5,36.5,655.26,64.0,21.84,9.41,22.0
TIRUPPUR,2013,Summer,31.18,25.3,37.06,85.79,45.81,25.65,7.82,10.81
TIRUVANNAMALAI,1997,Kharif,29.24,23.76,34.71,368.01,78.97,22.65,12.84,26.41
TIRUVANNAMALAI,1997,Rabi,28.17,22.4,33.94,469.82,77.06,18.38,10.52,31.36
TIRUVANNAMALAI,1997,Whole Year,30.5,23.5,37.5,1046.43,70.0,19.93,11.89,25.0
TIRUVANNAMALAI,1997,Summer,32.65,26.89,38.41,34.33,50.34,23.15,10.8,15.71
TIRUVANNAMALAI,1998,Kharif,28.98,23.43,34.53,373.75,75.19,19.61,12.08,28.43
TIRUVANNAMALAI,1998,Rabi,26.85,21.95,31.75,483.13,81.2,18.11,8.25,26.74
TIRUVANNAMALAI,1998,Whole Year,30.5,23.5,37.5,1022.03,70.0,20.6,13.03,25.0
TIRUVANNAMALAI,1998,Summer,32.93,26.1,39.76,55.43,49.63,24.66,8.96,11.41
TIRUVANNAMALAI,1999,Kharif,29.68,25.0,34.37,281.41,73.54,21.8,13.66,25.39
TIRUVANNAMALAI,1999,Rabi,28.15,22.6,33.7,536.38,79.17,15.39,13.08,26.7
TIRUVANNAMALAI,1999,Whole Year,30.5,23.5,37.5,983.8,70.0,20.02,13.3,25.0
TIRUVANNAMALAI,1999,Summer,32.1,25.83,38.36,23.2,56.81,23.64,10.54,11.62
TIRUVANNAMALAI,2000,Kharif,30.11,24.48,35.74,267.08,76.53,18.39,15.9,23.93
TIRUVANNAMALAI,2000,Rabi,26.93,21.62,32.23,387.41,77.56,18.8,9.83,26.83
TIRUVANNAMALAI,2000,Whole Year,30.5,23.5,37.5,828.18,70.0,21.09,10.54,25.0
TIRUVANNAMALAI,2000,Summer,33.07,26.66,39.49,32.46,54.02,25.88,8.86,13.86
TIRUVANNAMALAI,2001,Kharif,29.74,23.42,36.06,268.06,68.22,22.47,16.42,28.86
TIRUVANNAMALAI,2001,Rabi,26.71,21.36,32.06,523.77,81.63,17.57,11.02,27.59
TIRUVANNAMALAI,2001,Whole Year,30.5,23.5,37.5,896.24,70.0,20.54,10.08,25.0
TIRUVANNAMALAI,2001,Summer,34.15,26.54,41.75,50.32,45.39,23.96,10.04,13.78
TIRUVANNAMALAI,2002,Kharif,31.69,24.01,39.36,166.88,62.19,19.43,12.61,19.74
TIRUVANNAMALAI,2002,Rabi,28.22,22.79,33.65,322.29,69.39,18.33,9.98,16.99
TIRUVANNAMALAI,2002,Whole Year,31.4,23.5,39.3,556.24,62.0,20.53,9.2,16.25
TIRUVANNAMALAI,2002,Summer,32.61,25.56,39.65,24.56,43.56,26.01,7.1,10.51
TIRUVANNAMALAI,2003,Kharif,29.97,23.49,36.45,203.98,70.59,18.73,10.89,18.59
TIRUVANNAMALAI,2003,Rabi,27.62,21.59,33.65,217.35,74.22,16.76,9.44,22.38
TIRUVANNAMALAI,2003,Whole Year,31.4,23.5,39.3,565.48,62.0,20.06,12.6,16.25
TIRUVANNAMALAI,2003,Summer,32.43,26.01,38.86,57.79,51.0,26.45,8.75,9.06
TIRUVANNAMALAI,2004,Kharif,29.04,23.0,35.08,359.76,76.32,20.33,12.67,22.46
TIRUVANNAMALAI,2004,Rabi,27.06,21.46,32.66,381.09,78.34,16.19,10.56,32.98
TIRUVANNAMALAI,2004,Whole Year,30.5,23.5,37.5,858.39,70.0,19.82,13.2,25.0
TIRUVANNAMALAI,2004,Summer,33.57,25.38,41.76,87.68,46.67,25.21,7.85,10.25
TIRUVANNAMALAI,2005,Kharif,30.05,24.64,35.46,269.29,76.36,21.21,15.74,22.21
TIRUVANNAMALAI,2005,Rabi,27.2,22.01,32.38,495.39,83.03,18.91,8.49,31.42
TIRUVANNAMALAI,2005,Whole Year,30.5,23.5,37.5,785.63,70.0,19.9,12.86,25.0
TIRUVANNAMALAI,2005,Summer,32.59,25.01,40.16,53.27,56.79,25.52,11.52,16.36
TIRUVANNAMALAI,2006,Kharif,30.17,23.98,36.36,442.33,78.93,22.7,15.52,23.17
TIRUVANNAMALAI,2006,Rabi,26.93,22.06,31.8,362.74,77.51,18.48,12.62,25.44
TIRUVANNAMALAI,2006,Whole Year,30.5,23.5,37.5,790.36,70.0,21.95,10.13,25.0
TIRUVANNAMALAI,2006,Summer,31.98,25.73,38.23,42.72,52.52,24.19,10.23,11.26
TIRUVANNAMALAI,2007,Kharif,30.49,24.47,36.5,279.11,78.64,18.89,13.51,22.34
TIRUVANNAMALAI,2007,Rabi,26.46,20.95,31.98,331.88,80.93,18.92,13.23,32.03
TIRUVANNAMALAI,2007,Whole Year,30.5,23.5,37.5,740.65,70.0,21.58,13.48,25.0
TIRUVANNAMALAI,2007,Summer,32.33,26.92,37.73,61.95,53.97,23.32,7.99,14.12
TIRUVANNAMALAI,2008,Kharif,30.6,23.46,37.75,324.08,75.55,21.94,13.82,30.46
TIRUVANNAMALAI,2008,Rabi,28.32,22.93,33.7,585.01,76.37,16.76,11.1,29.02
TIRUVANNAMALAI,2008,Whole Year,30.5,23.5,37.5,1065.56,70.0,21.14,9.62,25.0
TIRUVANNAMALAI,2008,Summer,31.21,25.15,37.28,74.69,52.16,22.33,10.48,17.22
TIRUVANNAMALAI,2009,Kharif,30.07,24.08,36.06,342.36,78.13,22.64,13.18,30.16
TIRUVANNAMALAI,2009,Rabi,27.38,22.39,32.37,386.99,77.24,18.43,12.29,25.67
TIRUVANNAMALAI,2009,Whole Year,30.5,23.5,37.5,1014.73,70.0,20.72,12.93,25.0
TIRUVANNAMALAI,2009,Summer,32.54,25.81,39.26,65.8,57.88,23.4,7.11,13.05
TIRUVANNAMALAI,2010,Kharif,30.73,24.82,36.64,596.82,81.11,19.04,14.06,35.46
TIRUVANNAMALAI,2010,Rabi,26.22,20.58,31.85,593.57,81.04,17.91,10.61,31.77
TIRUVANNAMALAI,2010,Whole Year,30.5,23.5,37.5,1210.07,75.0,21.37,9.22,31.25
TIRUVANNAMALAI,2010,Summer,33.04,26.19,39.89,143.47,61.72,25.69,7.73,21.54
TIRUVANNAMALAI,2011,Kharif,29.48,24.39,34.58,444.46,70.23,18.54,13.97,38.32
TIRUVANNAMALAI,2011,Rabi,27.32,21.67,32.98,686.0,80.37,16.29,13.98,31.34
TIRUVANNAMALAI,2011,Whole Year,30.5,23.5,37.5,1181.73,75.0,21.51,10.44,31.25
TIRUVANNAMALAI,2011,Summer,32.46,25.01,39.92,133.65,57.08,23.79,10.55,21.48
TIRUVANNAMALAI,2012,Kharif,30.85,24.25,37.46,403.24,70.68,18.28,12.49,29.56
TIRUVANNAMALAI,2012,Rabi,27.72,22.71,32.72,467.34,81.62,18.76,12.51,30.11
TIRUVANNAMALAI,2012,Whole Year,30.5,23.5,37.5,1041.57,70.0,21.11,13.48,25.0
TIRUVANNAMALAI,2012,Summer,33.53,25.55,41.52,29.5,59.94,26.3,8.26,11.24
TIRUVANNAMALAI,2013,Kharif,30.82,24.68,36.95,267.84,74.92,20.86,11.18,22.6
TIRUVANNAMALAI,2013,Rabi,27.19,22.6,31.78,507.51,77.07,17.64,13.83,33.62
TIRUVANNAMALAI,2013,Whole Year,30.5,23.5,37.5,1029.69,70.0,21.85,12.06,25.0
TIRUVANNAMALAI,2013,Summer,33.55,25.46,41.64,108.15,50.29,23.23,7.98,12.3
TUTICORIN,1997,Kharif,32.05,25.48,38.63,216.2,72.9,22.91,16.06,15.75
TUTICORIN,1997,Rabi,29.47,23.12,35.81,286.75,75.85,15.91,13.28,24.26
TUTICORIN,1997,Whole Year,32.5,25.5,39.5,614.76,65.0,20.05,9.0,18.0
TUTICORIN,1997,Summer,36.03,28.37,43.69,17.39,51.96,25.29,10.24,12.53
TUTICORIN,1998,Kharif,31.38,26.22,36.53,285.7,61.19,18.58,14.54,18.7
TUTICORIN,1998,Rabi,29.32,24.21,34.43,408.04,77.25,16.82,9.87,22.19
TUTICORIN,1998,Whole Year,32.5,25.5,39.5,520.75,65.0,21.2,13.01,18.0
TUTICORIN,1998,Summer,35.09,28.76,41.42,24.65,40.77,25.72,7.1,12.44
TUTICORIN,1999,Kharif,31.53,26.72,36.34,187.09,71.86,22.63,10.76,22.38
TUTICORIN,1999,Rabi,29.54,24.05,35.04,433.8,70.08,17.19,11.94,20.67
TUTICORIN,1999,Whole Year,32.5,25.5,39.5,548.59,65.0,20.86,9.24,18.0
TUTICORIN,1999,Summer,34.46,27.15,41.77,72.4,42.45,22.02,9.3,11.99
TUTICORIN,2000,Kharif,31.77,26.26,37.29,288.95,70.58,21.22,12.91,15.76
TUTICORIN,2000,Rabi,28.09,22.23,33.95,392.17,73.52,16.98,10.24,18.59
TUTICORIN,2000,Whole Year,32.5,25.5,39.5,605.66,65.0,21.87,9.55,18.0
TUTICORIN,2000,Summer,36.35,27.89,44.81,16.88,53.96,26.09,10.68,10.14
TUTICORIN,2001,Kharif,32.91,25.93,39.9,185.27,64.06,19.58,10.96,17.87
TUTICORIN,2001,Rabi,29.88,23.89,35.88,314.94,79.35,18.24,12.42,20.38
TUTICORIN,2001,Whole Year,32.5,25.5,39.5,631.01,65.0,19.13,10.89,18.0
TUTICORIN,2001,Summer,35.47,27.26,43.69,66.04,51.68,22.95,10.32,10.72
TUTICORIN,2002,Kharif,33.64,26.61,40.68,144.41,65.3,19.82,11.84,10.86
TUTICORIN,2002,Rabi,29.84,22.31,37.38,186.85,64.41,16.14,10.31,11.91
TUTICORIN,2002,Whole Year,33.4,25.5,41.3,322.5,57.0,21.78,12.83,11.7
TUTICORIN,2002,Summer,35.52,27.37,43.67,23.02,45.62,24.51,10.72,5.37
TUTICORIN,2003,Kharif,33.87,26.22,41.51,188.18,63.97,18.2,11.32,11.38
TUTICORIN,2003,Rabi,29.64,24.09,35.19,168.97,66.28,15.2,10.42,14.02
TUTICORIN,2003,Whole Year,33.4,25.5,41.3,318.39,57.0,21.02,9.4,11.7
TUTICORIN,2003,Summer,37.23,27.7,46.76,11.63,42.92,22.58,8.85,7.61
TUTICORIN,2004,Kharif,32.25,25.14,39.36,289.81,70.76,18.6,11.99,17.92
TUTICORIN,2004,Rabi,30.16,24.85,35.46,274.24,70.52,15.29,13.82,24.57
TUTICORIN,2004,Whole Year,32.5,25.5,39.5,769.27,65.0,21.87,13.0,18.0
TUTICORIN,2004,Summer,34.7,28.45,40.95,40.68,43.22,26.17,9.2,8.83
TUTICORIN,2005,Kharif,31.77,26.51,37.03,183.07,63.51,19.47,16.2,19.25
TUTICORIN,2005,Rabi,29.4,24.01,34.79,390.57,76.1,15.28,9.45,20.06
TUTICORIN,2005,Whole Year,32.5,25.5,39.5,614.36,65.0,19.07,12.72,18.0
TUTICORIN,2005,Summer,36.22,28.06,44.38,47.9,40.18,25.15,11.43,12.46
TUTICORIN,2006,Kharif,32.29,26.06,38.53,324.59,68.63,18.26,15.58,22.04
TUTICORIN,2006,Rabi,29.02,22.66,35.37,235.71,77.37,15.13,13.58,24.58
TUTICORIN,2006,Whole Year,32.5,25.5,39.5,774.87,65.0,19.91,11.7,18.0
TUTICORIN,2006,Summer,35.09,27.84,42.34,41.32,40.2,25.99,10.05,10.7
TUTICORIN,2007,Kharif,31.99,25.57,38.41,292.37,72.25,22.89,16.79,16.23
TUTICORIN,2007,Rabi,29.13,23.36,34.9,276.44,74.76,18.73,9.55,20.28
TUTICORIN,2007,Whole Year,32.5,25.5,39.5,756.16,65.0,19.28,13.4,18.0
TUTICORIN,2007,Summer,35.19,28.39,41.99,55.71,45.3,26.41,7.17,11.0
TUTICORIN,2008,Kharif,31.83,25.31,38.35,334.21,66.26,21.75,15.49,15.53
TUTICORIN,2008,Rabi,28.56,23.34,33.78,333.88,78.84,17.52,11.56,22.84
TUTICORIN,2008,Whole Year,32.5,25.5,39.5,657.36,65.0,20.34,10.87,18.0
TUTICORIN,2008,Summer,35.63,27.6,43.65,42.01,54.34,24.44,9.87,9.79
TUTICORIN,2009,Kharif,32.93,26.28,39.58,257.05,71.98,21.19,16.3,21.62
TUTICORIN,2009,Rabi,29.88,24.27,35.49,375.89,75.61,17.18,9.87,21.89
TUTICORIN,2009,Whole Year,32.5,25.5,39.5,619.93,65.0,21.67,11.91,18.0
TUTICORIN,2009,Summer,34.13,28.4,39.87,58.9,45.03,23.62,7.81,11.07
TUTICORIN,2010,Kharif,32.95,26.46,39.45,383.88,78.39,22.92,12.73,23.66
TUTICORIN,2010,Rabi,28.51,23.79,33.23,398.9,79.44,15.69,13.3,25.13
TUTICORIN,2010,Whole Year,32.5,25.5,39.5,932.4,70.0,19.23,9.15,22.5
TUTICORIN,2010,Summer,33.37,27.01,39.74,82.41,50.93,24.04,7.18,11.22
TUTICORIN,2011,Kharif,32.41,25.2,39.62,358.22,73.62,20.13,16.2,27.07
TUTICORIN,2011,Rabi,28.7,22.82,34.58,464.09,77.2,18.96,13.62,31.11
TUTICORIN,2011,Whole Year,32.5,25.5,39.5,732.39,70.0,20.96,12.28,22.5
TUTICORIN,2011,Summer,36.24,28.29,44.19,83.74,49.21,22.13,11.95,13.85
TUTICORIN,2012,Kharif,30.7,25.06,36.35,290.32,71.17,18.32,10.52,20.79
TUTICORIN,2012,Rabi,29.17,22.61,35.73,387.01,72.4,18.87,9.6,23.24
TUTICORIN,2012,Whole Year,32.5,25.5,39.5,657.64,65.0,19.37,13.64,18.0
TUTICORIN,2012,Summer,33.69,27.82,39.55,39.52,43.53,24.78,8.12,10.27
TUTICORIN,2013,Kharif,32.25,26.38,38.11,231.6,67.44,22.21,11.7,15.31
TUTICORIN,2013,Rabi,30.03,24.54,35.53,309.05,77.4,15.12,8.88,22.1
TUTICORIN,2013,Whole Year,32.5,25.5,39.5,707.28,65.0,21.36,12.22,18.0
TUTICORIN,2013,Summer,33.74,27.49,39.99,56.67,48.62,26.12,10.08,10.13
VELLORE,1997,Kharif,30.58,23.84,37.33,260.09,77.9,18.15,14.66,26.28
VELLORE,1997,Rabi,26.64,21.89,31.39,347.47,82.42,15.45,12.12,34.9
VELLORE,1997,Whole Year,30.5,23.5,37.5,986.93,70.0,19.23,11.71,25.0
VELLORE,1997,Summer,34.03,25.33,42.73,86.35,55.35,23.13,10.92,15.7
VELLORE,1998,Kharif,29.19,24.03,34.35,405.99,73.86,18.06,15.14,22.57
VELLORE,1998,Rabi,26.77,20.52,33.02,325.1,80.32,18.22,12.98,25.85
VELLORE,1998,Whole Year,30.5,23.5,37.5,765.04,70.0,21.32,10.16,25.0
VELLORE,1998,Summer,33.23,25.81,40.65,77.7,54.93,22.18,9.69,13.86
VELLORE,1999,Kharif,29.63,24.13,35.12,443.74,70.55,18.63,16.06,27.61
VELLORE,1999,Rabi,26.76,22.07,31.45,445.03,75.66,15.89,13.78,26.5
VELLORE,1999,Whole Year,30.5,23.5,37.5,837.19,70.0,19.42,13.56,25.0
VELLORE,1999,Summer,31.25,25.15,37.36,101.41,57.87,23.79,9.93,13.47
VELLORE,2000,Kharif,30.95,24.73,37.17,409.38,79.12,19.76,13.44,24.75
VELLORE,2000,Rabi,26.99,22.81,31.16,544.46,77.85,16.95,13.87,25.18
VELLORE,2000,Whole Year,30.5,23.5,37.5,926.5,70.0,20.55,13.99,25.0
VELLORE,2000,Summer,31.37,25.33,37.4,35.96,59.49,22.89,8.06,10.67
VELLORE,2001,Kharif,30.92,23.95,37.9,435.08,68.05,21.91,17.86,29.6
VELLORE,2001,Rabi,26.7,21.59,31.81,540.31,82.86,16.19,9.35,31.72
VELLORE,2001,Whole Year,30.5,23.5,37.5,1062.94,70.0,19.06,13.94,25.0
VELLORE,2001,Summer,32.86,26.62,39.1,26.75,59.17,23.23,9.83,16.76
VELLORE,2002,Kharif,31.42,24.86,37.98,209.69,71.84,18.94,12.96,14.03
VELLORE,2002,Rabi,27.46,20.26,34.67,294.5,67.49,15.4,12.74,19.82
VELLORE,2002,Whole Year,31.4,23.5,39.3,485.54,62.0,20.65,13.84,16.25
VELLORE,2002,Summer,35.71,26.79,44.62,54.32,49.84,25.67,10.72,9.3
VELLORE,2003,Kharif,29.91,23.45,36.36,250.16,66.61,19.42,15.52,18.23
VELLORE,2003,Rabi,27.76,22.28,33.24,252.66,70.99,18.3,10.62,21.04
VELLORE,2003,Whole Year,31.4,23.5,39.3,543.76,62.0,19.2,12.26,16.25
VELLORE,2003,Summer,33.56,25.21,41.91,50.45,40.32,24.1,8.25,10.69
VELLORE,2004,Kharif,30.39,23.34,37.44,439.93,67.0,20.07,11.53,22.8
VELLORE,2004,Rabi,26.55,20.66,32.44,337.16,79.06,18.97,9.27,28.97
VELLORE,2004,Whole Year,30.5,23.5,37.5,954.78,70.0,19.6,13.84,25.0
VELLORE,2004,Summer,32.05,25.73,38.38,61.52,54.59,22.55,8.42,14.15
VELLORE,2005,Kharif,29.51,24.82,34.19,377.13,71.51,18.94,15.7,22.13
VELLORE,2005,Rabi,26.75,22.19,31.3,534.04,81.33,15.75,11.34,31.96
VELLORE,2005,Whole Year,30.5,23.5,37.5,748.57,70.0,20.99,10.56,25.0
VELLORE,2005,Summer,34.33,26.73,41.93,75.61,51.8,25.76,8.33,10.11
VELLORE,2006,Kharif,29.08,23.1,35.05,397.44,79.66,19.17,17.94,26.64
VELLORE,2006,Rabi,25.69,20.12,31.26,473.27,84.44,15.62,9.65,27.12
VELLORE,2006,Whole Year,30.5,23.5,37.5,1091.28,70.0,19.79,9.6,25.0
VELLORE,2006,Summer,32.74,25.41,40.08,74.18,50.9,24.76,9.27,17.32
VELLORE,2007,Kharif,31.24,24.65,37.83,322.16,67.85,21.13,17.13,24.88
VELLORE,2007,Rabi,27.69,22.77,32.61,613.65,78.9,15.08,11.01,28.84
VELLORE,2007,Whole Year,30.5,23.5,37.5,760.54,70.0,21.62,12.09,25.0
VELLORE,2007,Summer,34.62,26.69,42.56,72.97,49.66,24.63,11.89,16.68
VELLORE,2008,Kharif,29.51,24.97,34.06,365.39,69.71,20.69,12.71,30.03
VELLORE,2008,Rabi,26.83,22.49,31.17,415.12,76.39,17.37,10.83,32.08
VELLORE,2008,Whole Year,30.5,23.5,37.5,762.79,70.0,21.26,10.38,25.0
VELLORE,2008,Summer,32.2,25.66,38.75,95.72,47.49,23.38,11.55,12.41
VELLORE,2009,Kharif,28.99,23.21,34.77,321.17,78.26,18.4,15.61,28.07
VELLORE,2009,Rabi,27.0,20.08,33.92,457.65,81.58,15.62,9.36,30.58
VELLORE,2009,Whole Year,30.5,23.5,37.5,823.43,70.0,19.65,9.11,25.0
VELLORE,2009,Summer,34.06,26.85,41.27,23.35,46.56,22.35,7.78,12.55
VELLORE,2010,Kharif,30.17,23.55,36.8,405.65,74.9,22.11,13.97,32.29
VELLORE,2010,Rabi,26.74,21.1,32.37,576.26,87.99,18.73,11.3,34.87
VELLORE,2010,Whole Year,30.5,23.5,37.5,1411.14,75.0,21.11,12.27,31.25
VELLORE,2010,Summer,33.61,25.79,41.44,117.76,53.13,26.39,9.06,14.77
VELLORE,2011,Kharif,30.64,24.21,37.07,490.08,82.97,19.18,15.9,29.68
VELLORE,2011,Rabi,26.46,20.6,32.31,799.46,86.69,17.97,8.26,40.04
VELLORE,2011,Whole Year,30.5,23.5,37.5,1157.17,75.0,19.97,12.98,31.25
VELLORE,2011,Summer,32.32,26.54,38.09,69.5,55.56,23.16,9.79,16.11
VELLORE,2012,Kharif,29.51,24.21,34.81,328.72,69.11,19.22,10.65,25.58
VELLORE,2012,Rabi,28.07,22.27,33.88,495.12,79.62,16.35,10.76,28.41
VELLORE,2012,Whole Year,30.5,23.5,37.5,1051.32,70.0,19.77,10.4,25.0
VELLORE,2012,Summer,33.99,25.58,42.41,82.15,58.73,26.05,10.85,11.8
VELLORE,2013,Kharif,30.87,24.87,36.87,309.4,72.86,18.45,14.55,21.46
VELLORE,2013,Rabi,27.45,21.4,33.5,488.64,83.85,17.2,12.12,28.66
VELLORE,2013,Whole Year,30.5,23.5,37.5,845.22,70.0,20.01,9.51,25.0
VELLORE,2013,Summer,32.91,26.49,39.32,52.25,52.57,24.2,10.68,12.97
VILLUPURAM,1997,Kharif,30.6,23.65,37.56,358.23,73.3,21.39,13.95,22.88
VILLUPURAM,1997,Rabi,26.6,22.12,31.08,520.43,77.8,18.29,11.94,32.36
VILLUPURAM,1997,Whole Year,30.5,23.5,37.5,1060.75,70.0,20.28,9.94,25.0
VILLUPURAM,1997,Summer,34.05,25.13,42.97,41.33,48.89,22.33,7.14,15.06
VILLUPURAM,1998,Kharif,30.98,24.49,37.47,370.89,76.73,18.52,17.0,23.15
VILLUPURAM,1998,Rabi,27.06,21.3,32.83,329.51,84.78,16.21,12.28,31.32
VILLUPURAM,1998,Whole Year,30.5,23.5,37.5,748.17,70.0,21.59,10.52,25.0
VILLUPURAM,1998,Summer,31.93,26.5,37.35,44.19,50.7,22.9,9.33,16.0
VILLUPURAM,1999,Kharif,29.95,23.09,36.8,300.82,70.75,20.77,16.97,26.73
VILLUPURAM,1999,Rabi,26.65,21.53,31.78,463.56,78.19,17.26,12.85,34.46
VILLUPURAM,1999,Whole Year,30.5,23.5,37.5,1033.93,70.0,21.48,10.79,25.0
VILLUPURAM,1999,Summer,32.47,25.61,39.33,24.22,46.73,22.24,7.58,10.14
VILLUPURAM,2000,Kharif,29.55,24.87,34.24,407.15,77.8,21.98,15.01,29.11
VILLUPURAM,2000,Rabi,27.67,21.63,33.72,451.29,75.28,17.81,12.98,27.25
VILLUPURAM,2000,Whole Year,30.5,23.5,37.5,852.97,70.0,21.08,11.87,25.0
VILLUPURAM,2000,Summer,32.54,25.22,39.87,81.47,55.93,26.18,8.85,14.05
VILLUPURAM,2001,Kharif,29.39,23.77,35.02,327.54,72.54,19.35,11.04,29.62
VILLUPURAM,2001,Rabi,27.14,22.03,32.25,478.26,83.42,15.56,11.76,28.51
VILLUPURAM,2001,Whole Year,30.5,23.5,37.5,1055.99,70.0,20.98,9.73,25.0
VILLUPURAM,2001,Summer,31.81,26.41,37.22,90.14,53.81,22.22,7.07,17.17
VILLUPURAM,2002,Kharif,30.22,23.3,37.14,223.0,65.64,20.58,12.46,16.35
VILLUPURAM,2002,Rabi,27.68,22.46,32.9,214.17,67.13,16.73,11.97,17.43
VILLUPURAM,2002,Whole Year,31.4,23.5,39.3,559.49,62.0,19.97,9.6,16.25
VILLUPURAM,2002,Summer,34.63,26.74,42.51,19.49,43.7,22.86,11.33,6.74
VILLUPURAM,2003,Kharif,31.54,24.23,38.85,253.81,59.17,18.98,14.37,18.26
VILLUPURAM,2003,Rabi,27.7,20.74,34.66,330.72,71.4,17.24,10.6,21.2
VILLUPURAM,2003,Whole Year,31.4,23.5,39.3,480.2,62.0,19.76,13.18,16.25
VILLUPURAM,2003,Summer,34.39,25.57,43.21,18.5,44.73,24.54,10.9,8.56
VILLUPURAM,2004,Kharif,29.44,23.92,34.95,441.33,78.71,20.32,13.5,24.53
VILLUPURAM,2004,Rabi,27.43,22.2,32.66,361.29,80.89,17.25,12.16,27.26
VILLUPURAM,2004,Whole Year,30.5,23.5,37.5,994.32,70.0,19.05,11.67,25.0
VILLUPURAM,2004,Summer,33.34,25.31,41.37,97.23,57.77,25.24,9.35,12.42
VILLUPURAM,2005,Kharif,29.35,24.29,34.41,411.49,74.48,18.76,14.35,22.55
VILLUPURAM,2005,Rabi,26.6,22.06,31.13,501.11,75.12,16.04,9.6,32.48
VILLUPURAM,2005,Whole Year,30.5,23.5,37.5,901.83,70.0,20.72,10.25,25.0
VILLUPURAM,2005,Summer,31.9,25.9,37.9,109.73,52.25,25.96,7.53,14.43
VILLUPURAM,2006,Kharif,30.41,23.66,37.16,364.89,65.54,19.31,12.24,24.43
VILLUPURAM,2006,Rabi,26.86,22.72,31.0,469.77,82.37,15.92,12.16,32.31
VILLUPURAM,2006,Whole Year,30.5,23.5,37.5,887.34,70.0,20.58,10.57,25.0
VILLUPURAM,2006,Summer,33.39,26.25,40.53,54.04,52.48,25.35,11.82,16.68
VILLUPURAM,2007,Kharif,30.41,23.17,37.64,310.93,79.2,19.11,16.91,27.06
VILLUPURAM,2007,Rabi,27.22,20.48,33.95,579.82,83.17,15.83,13.16,26.66
VILLUPURAM,2007,Whole Year,30.5,23.5,37.5,924.68,70.0,20.51,11.59,25.0
VILLUPURAM,2007,Summer,32.46,25.55,39.38,62.41,50.11,25.07,9.19,10.39
VILLUPURAM,2008,Kharif,31.13,24.48,37.78,462.37,74.74,18.93,10.77,30.75
VILLUPURAM,2008,Rabi,26.29,20.38,32.19,503.74,84.14,15.55,11.82,34.19
VILLUPURAM,2008,Whole Year,30.5,23.5,37.5,1043.84,70.0,19.86,13.76,25.0
VILLUPURAM,2008,Summer,32.42,26.59,38.25,30.61,58.23,25.43,8.38,16.52
VILLUPURAM,2009,Kharif,28.88,23.28,34.47,375.14,76.09,21.41,10.83,24.47
VILLUPURAM,2009,Rabi,26.96,21.16,32.75,560.75,75.56,16.92,13.09,34.94
VILLUPURAM,2009,Whole Year,30.5,23.5,37.5,783.29,70.0,20.94,9.01,25.0
VILLUPURAM,2009,Summer,32.98,26.3,39.67,52.63,50.63,22.07,11.54,12.39
VILLUPURAM,2010,Kharif,30.22,24.7,35.73,482.41,70.78,22.0,15.9,32.96
VILLUPURAM,2010,Rabi,28.11,22.44,33.78,721.0,82.34,17.94,8.61,32.73
VILLUPURAM,2010,Whole Year,30.5,23.5,37.5,1169.49,75.0,21.11,13.59,31.25
VILLUPURAM,2010,Summer,33.1,25.06,41.15,118.63,57.34,22.25,7.63,21.6
VILLUPURAM,2011,Kharif,30.65,24.21,37.09,398.16,77.99,18.76,16.47,28.66
VILLUPURAM,2011,Rabi,26.17,20.88,31.45,730.84,85.03,16.65,10.02,39.85
VILLUPURAM,2011,Whole Year,30.5,23.5,37.5,998.92,75.0,21.57,12.81,31.25
VILLUPURAM,2011,Summer,34.56,26.25,42.87,124.24,60.94,25.99,7.49,18.96
VILLUPURAM,2012,Kharif,31.32,24.74,37.9,268.57,68.49,20.65,14.67,26.38
VILLUPURAM,2012,Rabi,25.89,20.78,31.0,483.41,81.15,15.84,11.95,31.54
VILLUPURAM,2012,Whole Year,30.5,23.5,37.5,931.1,70.0,19.78,11.08,25.0
VILLUPURAM,2012,Summer,34.04,26.46,41.62,76.71,57.73,24.55,11.52,16.25
VILLUPURAM,2013,Kharif,30.44,23.22,37.67,299.16,75.79,21.22,10.27,29.03
VILLUPURAM,2013,Rabi,28.06,22.38,33.75,567.32,82.69,17.79,10.82,32.98
VILLUPURAM,2013,Whole Year,30.5,23.5,37.5,1037.48,70.0,19.3,10.66,25.0
VILLUPURAM,2013,Summer,32.06,26.37,37.75,108.26,51.25,24.65,8.91,15.77
VIRUDHUNAGAR,1997,Kharif,32.51,26.05,38.97,318.97,69.85,21.12,16.3,18.92
VIRUDHUNAGAR,1997,Rabi,27.92,22.57,33.28,271.24,79.25,15.68,10.72,21.46
VIRUDHUNAGAR,1997,Whole Year,32.5,25.5,39.5,628.55,65.0,21.6,12.75,18.0
VIRUDHUNAGAR,1997,Summer,36.16,27.38,44.95,76.43,41.62,24.55,8.51,11.11
VIRUDHUNAGAR,1998,Kharif,32.53,25.1,39.96,277.66,70.51,19.39,11.61,19.9
VIRUDHUNAGAR,1998,Rabi,29.26,24.32,34.19,325.98,79.33,18.91,9.48,18.95
VIRUDHUNAGAR,1998,Whole Year,32.5,25.5,39.5,578.47,65.0,20.56,12.91,18.0
VIRUDHUNAGAR,1998,Summer,36.28,27.96,44.6,55.37,47.75,25.47,11.77,9.0
VIRUDHUNAGAR,1999,Kharif,31.65,26.45,36.85,265.56,67.02,19.24,15.77,17.44
VIRUDHUNAGAR,1999,Rabi,29.12,22.73,35.52,407.57,71.46,16.22,11.14,24.09
VIRUDHUNAGAR,1999,Whole Year,32.5,25.5,39.5,624.27,65.0,20.98,11.27,18.0
VIRUDHUNAGAR,1999,Summer,34.92,28.94,40.9,62.82,44.05,25.98,9.96,11.34
VIRUDHUNAGAR,2000,Kharif,31.78,26.17,37.4,235.01,62.39,20.19,16.49,15.39
VIRUDHUNAGAR,2000,Rabi,28.4,23.28,33.52,380.93,71.4,15.66,8.26,21.19
VIRUDHUNAGAR,2000,Whole Year,32.5,25.5,39.5,688.36,65.0,19.87,9.21,18.0
VIRUDHUNAGAR,2000,Summer,35.65,27.13,44.16,44.48,42.65,25.61,9.81,10.04
VIRUDHUNAGAR,2001,Kharif,32.29,25.7,38.89,310.05,68.62,21.73,11.49,20.67
VIRUDHUNAGAR,2001,Rabi,29.9,24.83,34.98,374.01,79.68,16.69,8.68,20.41
VIRUDHUNAGAR,2001,Whole Year,32.5,25.5,39.5,628.99,65.0,21.31,9.93,18.0
VIRUDHUNAGAR,2001,Summer,34.49,28.66,40.32,30.01,41.14,22.72,9.06,9.38
VIRUDHUNAGAR,2002,Kharif,32.49,26.74,38.24,194.36,64.55,22.67,12.54,12.41
VIRUDHUNAGAR,2002,Rabi,30.1,24.23,35.98,235.11,66.76,15.44,8.02,12.81
VIRUDHUNAGAR,2002,Whole Year,33.4,25.5,41.3,340.58,57.0,21.38,12.33,11.7
VIRUDHUNAGAR,2002,Summer,35.32,27.32,43.31,31.21,40.74,23.0,10.15,6.04
VIRUDHUNAGAR,2003,Kharif,34.03,26.5,41.55,119.29,63.65,20.75,16.1,10.37
VIRUDHUNAGAR,2003,Rabi,30.51,23.83,37.19,237.85,69.89,17.98,10.26,15.05
VIRUDHUNAGAR,2003,Whole Year,33.4,25.5,41.3,329.07,57.0,19.49,11.7,11.7
VIRUDHUNAGAR,2003,Summer,35.77,27.9,43.63,36.88,38.54,22.3,11.44,6.88
VIRUDHUNAGAR,2004,Kharif,31.46,25.21,37.72,182.29,71.44,20.83,10.16,19.42
VIRUDHUNAGAR,2004,Rabi,27.92,22.21,33.63,279.93,76.5,18.28,11.85,22.84
VIRUDHUNAGAR,2004,Whole Year,32.5,25.5,39.5,604.94,65.0,19.03,13.2,18.0
VIRUDHUNAGAR,2004,Summer,35.6,27.01,44.2,40.4,49.72,26.32,11.94,10.51
VIRUDHUNAGAR,2005,Kharif,32.02,25.97,38.07,213.48,70.92,18.86,11.68,20.15
VIRUDHUNAGAR,2005,Rabi,28.69,22.39,35.0,322.12,76.95,16.82,11.93,23.62
VIRUDHUNAGAR,2005,Whole Year,32.5,25.5,39.5,523.82,65.0,19.66,12.52,18.0
VIRUDHUNAGAR,2005,Summer,35.17,28.2,42.13,58.34,47.1,25.77,8.9,10.94
VIRUDHUNAGAR,2006,Kharif,32.13,26.15,38.12,199.74,72.47,19.6,12.41,15.94
VIRUDHUNAGAR,2006,Rabi,28.87,23.48,34.25,240.01,77.52,15.27,8.87,21.32
VIRUDHUNAGAR,2006,Whole Year,32.5,25.5,39.5,613.02,65.0,19.83,11.82,18.0
VIRUDHUNAGAR,2006,Summer,34.77,27.95,41.59,64.03,47.53,26.4,11.01,7.77
VIRUDHUNAGAR,2007,Kharif,32.3,26.45,38.14,255.15,60.7,20.64,14.84,18.64
VIRUDHUNAGAR,2007,Rabi,28.54,22.4,34.67,390.16,75.87,18.64,9.29,23.99
VIRUDHUNAGAR,2007,Whole Year,32.5,25.5,39.5,636.48,65.0,21.09,11.83,18.0
VIRUDHUNAGAR,2007,Summer,35.2,28.78,41.62,57.65,41.52,22.98,8.78,9.15
VIRUDHUNAGAR,2008,Kharif,32.7,25.95,39.45,243.7,62.2,20.53,10.3,17.78
VIRUDHUNAGAR,2008,Rabi,29.01,23.46,34.55,397.38,78.01,16.13,9.81,25.07
VIRUDHUNAGAR,2008,Whole Year,32.5,25.5,39.5,621.79,65.0,19.43,12.28,18.0
VIRUDHUNAGAR,2008,Summer,35.57,28.51,42.62,66.85,52.4,24.03,8.91,12.6
VIRUDHUNAGAR,2009,Kharif,30.95,25.58,36.33,217.66,62.36,18.08,12.53,17.64
VIRUDHUNAGAR,2009,Rabi,29.48,24.3,34.66,266.11,79.41,17.93,8.73,19.94
VIRUDHUNAGAR,2009,Whole Year,32.5,25.5,39.5,775.43,65.0,19.6,9.58,18.0
VIRUDHUNAGAR,2009,Summer,35.91,28.54,43.28,47.92,53.99,23.63,7.43,8.77
VIRUDHUNAGAR,2010,Kharif,31.77,26.66,36.88,394.41,76.75,21.66,15.51,21.33
VIRUDHUNAGAR,2010,Rabi,29.03,23.68,34.38,435.78,83.56,18.55,9.3,26.39
VIRUDHUNAGAR,2010,Whole Year,32.5,25.5,39.5,726.03,70.0,20.94,11.86,22.5
VIRUDHUNAGAR,2010,Summer,34.71,27.3,42.11,83.64,55.23,25.12,7.2,10.02
VIRUDHUNAGAR,2011,Kharif,32.83,26.11,39.55,416.1,73.98,18.65,15.45,20.72
VIRUDHUNAGAR,2011,Rabi,28.95,23.95,33.94,535.04,81.94,15.28,13.06,26.37
VIRUDHUNAGAR,2011,Whole Year,32.5,25.5,39.5,931.11,70.0,21.33,13.99,22.5
VIRUDHUNAGAR,2011,Summer,36.25,28.31,44.19,43.54,45.07,23.85,10.3,15.71
VIRUDHUNAGAR,2012,Kharif,32.55,26.6,38.5,337.75,74.16,19.1,10.79,18.37
VIRUDHUNAGAR,2012,Rabi,29.04,22.71,35.37,351.06,76.15,15.48,10.65,22.15
VIRUDHUNAGAR,2012,Whole Year,32.5,25.5,39.5,697.74,65.0,19.28,12.45,18.0
VIRUDHUNAGAR,2012,Summer,35.42,27.12,43.72,54.53,53.54,25.57,10.31,10.16
VIRUDHUNAGAR,2013,Kharif,32.05,25.4,38.7,255.27,63.52,20.52,11.23,15.73
VIRUDHUNAGAR,2013,Rabi,29.2,24.3,34.1,359.66,74.99,17.94,12.42,23.08
VIRUDHUNAGAR,2013,Whole Year,32.5,25.5,39.5,662.34,65.0,20.99,13.89,18.0
VIRUDHUNAGAR,2013,Summer,35.52,27.59,43.45,33.77,47.83,23.96,8.77,9.68
